ticker,return_annualized,volatility_annual,sharpe_ratio,sortino_ratio,max_drawdown,var_95,cvar_95,beta,skewness,kurtosis,cluster_kmeans,cluster_agglomerative,cluster_hierarchical,is_outlier_dbscan
A,0.0546331952212979,0.2823167507096442,0.151784015538313,0.1532832684572669,-0.4356871932173137,-0.0294142630665037,-0.0377214599259577,1.0484190924889285,0.2395810459853321,2.063033541705789,3,1,3,False
AAL,-0.0318050863880059,0.4697747442343051,0.0588190954849561,0.0614898895485079,-0.5770720371804803,-0.0443312533728646,-0.0620139445085511,1.4070436202150227,0.1935635945384148,1.2475443694455373,2,0,0,False
AAP,-0.2721336811550373,0.3973050006919471,-0.707455151379356,-0.6065613595625945,-0.8005456574759208,-0.0356108697808663,-0.0617241306876116,0.9114498031138428,-4.070075817459554,52.14647771546468,-1,-1,-1,True
AAPL,0.1425274927413924,0.2779685574560556,0.4378040250054178,0.4411946291416618,-0.3131146640294489,-0.029793863847231,-0.0385378826186156,1.2637358625871926,0.1025407256748479,1.734805389582093,1,2,1,False
ABBV,0.1379794086435284,0.2084123996835791,0.4848299510348164,0.4400116843759721,-0.2426268861454047,-0.0192686353236933,-0.0324273835307026,0.3610266865376126,-0.9512094698992438,4.925629658572442,3,1,3,False
ABT,0.0029424126769672,0.2279570086143229,-0.0923103334327413,-0.0897005401422232,-0.3624346104905981,-0.0222607048620243,-0.0321125385567661,0.726029551229687,-0.2377277807421404,4.174522738605395,3,1,3,False
ACN,0.1108959696848626,0.2563110319458827,0.3428724567314605,0.3409578203355518,-0.4074189976409417,-0.0261923858408889,-0.0366875974452504,1.152408213772094,0.0585824702242739,2.173147395724448,3,1,3,False
ADBE,0.071677851431408,0.3609337412679153,0.2358540656123839,0.2218244646554256,-0.6002150006537182,-0.0341581186473319,-0.05457693614385,1.463840226154724,-0.8043911198502784,5.665175126686329,2,0,0,False
ADI,0.1085848110595768,0.3039313238680738,0.3261949330365413,0.3257397919864486,-0.2757944915254238,-0.0311454408206944,-0.0411676800189141,1.2814419253173197,0.0057171331418301,1.1404434400235908,1,2,1,False
ADM,0.1322395145545194,0.2523962513958886,0.4205034656017007,0.3899920512449439,-0.2927102423131745,-0.0264668873380191,-0.0401752880745108,0.6288695362318812,-0.6108132898308374,2.110691051250433,3,1,3,False
ADP,0.113765145124578,0.2306715759188093,0.3658237720674057,0.3541825320373803,-0.2256761763616153,-0.0217672023446172,-0.0337016235707618,0.8999848484264092,-0.5149711425533143,5.420301091607923,3,1,3,False
AEE,-0.0169813955634982,0.2067479684577074,-0.2209180325916695,-0.207610588959148,-0.2779413257537306,-0.0218078290359285,-0.031028137709628,0.4602261744696475,-0.4575543157621413,2.478651003002725,3,3,2,False
AEP,-0.0013179800734716,0.2048469280028145,-0.1480297126124722,-0.140617909768254,-0.3218292451036319,-0.0219432570023633,-0.0297647871502099,0.489614745397348,-0.2009248840830337,1.2488073210311526,3,3,2,False
AES,-0.0612228347463246,0.3295111356666882,-0.1789362488008432,-0.1806872605428689,-0.5746498120942946,-0.0332491156195198,-0.0462897104853523,1.0980247840719572,0.1581055962492034,2.073678711215773,2,0,0,False
AFL,0.2424272634320061,0.2133589996299861,0.888999659571767,0.8808392551608349,-0.2042930051035726,-0.0219879713231019,-0.0285515555489732,0.7081622167450199,0.059382333667841,1.610655350545096,1,2,1,False
AGG,-0.0564935739615153,0.066587924964921,-1.5900945276565577,-1.5902438885988743,-0.2233988478481871,-0.0068519167835437,-0.0092189480118656,0.0851683957605126,0.1776600954935172,1.502090852883264,0,3,2,False
AIG,0.2234918681601074,0.2948328225188666,0.6612965961931353,0.6609787632928728,-0.2694035631293571,-0.030162374400215,-0.0409310433552683,0.9666375397303862,0.0627585866190841,1.4283822194810685,1,2,1,False
AIZ,0.0850033368072094,0.260139739766253,0.2513177125028327,0.2396297196129319,-0.4567108533554266,-0.0246957666818393,-0.0367993238210994,0.5989197233869299,-0.0649969910933554,9.277373565315331,3,1,3,False
AJG,0.2336607165548039,0.2172833573233303,0.8447192019230625,0.8019675457512214,-0.1906054846592451,-0.0205378728440847,-0.0312156341882669,0.7877848792772809,-0.4210974567760088,2.248646800425423,1,2,1,False
AKAM,0.0401624066439201,0.2655207753432634,0.0936448592815919,0.0862241404034256,-0.4197014435695538,-0.0240289259197502,-0.0394360878594151,0.7715387919253854,-0.6962033223579988,7.975854545784026,3,1,3,False
ALB,-0.0182369045839939,0.4905730130438728,0.1079586040060214,0.1057012183794624,-0.6519146843690454,-0.0487917507145334,-0.0681433429271479,1.4829603462727985,-0.3694860335474361,2.606332720737344,2,0,0,False
ALGN,-0.1967037366777124,0.5224223939581615,-0.2519778674436754,-0.2611507442706756,-0.7608231039017974,-0.0473359881076928,-0.0730535567356573,1.6958143421639813,0.1153566653409852,12.70922766855386,-1,-1,-1,True
ALK,-0.0746610068207479,0.3754356134205101,-0.1511015878162505,-0.1516985223010012,-0.5785191212367778,-0.035129680171546,-0.0512915379349352,1.180379755172304,-0.2688106147351934,2.569591946275833,2,0,0,False
ALL,0.0906170557860654,0.2598163051013551,0.2721621565392219,0.2646790636020299,-0.2966773251772557,-0.0222785406731564,-0.036562756189844,0.6147100497703523,-0.8072158961130216,6.298554318631313,3,1,3,False
ALLE,0.0345746684165568,0.2738262880340507,0.0782457021544958,0.0779875547409123,-0.3992439073786539,-0.0283944187738549,-0.0386624088644509,1.0105102033875468,-0.0145925974662772,2.316064512380986,3,1,3,False
AMAT,0.2326426074714593,0.4341379495772289,0.5829453462606393,0.5978528742096512,-0.5544311377245509,-0.0425174063292646,-0.0577088867973078,1.774788503752078,0.0523883735752646,0.495328580137377,2,0,0,False
AMCR,-0.0541345498472315,0.2332147588633704,-0.3363179669025095,-0.3229252163247699,-0.3736100815418829,-0.0222623406723472,-0.0323333963731718,0.812798009164939,0.0585030364168098,4.400439379120812,0,3,2,False
AMD,0.1700250909532039,0.5092296355987713,0.4636215651614446,0.4875756556318244,-0.6544994132542771,-0.0517299859057258,-0.0673832298690818,1.961742194853365,0.1627062359292609,1.5167168275052751,2,0,0,False
AME,0.1175561199991555,0.208586900291241,0.3968759432768334,0.393491033363433,-0.2731836374737127,-0.0219518584635926,-0.0281645078647664,0.8764574954296128,0.0460717635670666,0.9217264148680018,3,1,3,False
AMGN,0.0836712757346005,0.208727618081492,0.249228449326974,0.2620265590861466,-0.2671774000478812,-0.0195841242954227,-0.0278096057641306,0.4179353074562784,0.1854024830135534,4.528723877729618,3,1,3,False
AMP,0.2657744501816836,0.2933033796439789,0.7794978699068296,0.7827384133832359,-0.3209568446040537,-0.0304303989349912,-0.0422993681558613,1.277660303973155,-0.1969855399251402,1.3787972969209965,1,2,1,False
AMZN,-0.0158025379674606,0.373949464333672,0.0105267988755915,0.0105185670701057,-0.5614514659377178,-0.0343587535316828,-0.0532137204867331,1.499555290742455,0.0912188818628521,4.747564699658028,2,0,0,False
AON,0.1255310699652134,0.2360609806808492,0.4068680458991541,0.3995823631443924,-0.2551182518509637,-0.0216371066812631,-0.0338181726635492,0.785201050566101,-0.1246416933422032,4.895350372702882,3,1,3,False
APA,0.346750284553138,0.5245886076539841,0.733709311509104,0.7631602735658652,-0.402996691963417,-0.0499774005071105,-0.0688496289338288,1.2336622617981927,0.0534243197458317,1.0681412635250678,1,2,1,False
APD,0.0069550852036792,0.2484790966644688,-0.0479991136691971,-0.0451788611787604,-0.3054698189454926,-0.0234457240841615,-0.0372545998588885,0.7858038071705624,-0.8777336913370263,7.851686746766159,3,1,3,False
APH,0.1565341585456776,0.2347702447456814,0.5232389552807998,0.5263823969928991,-0.2892881510120536,-0.0224870152096913,-0.0324709855815424,1.096542641020232,0.060738318371972,1.4686953416499429,1,2,1,False
ARE,-0.0950992279544173,0.2871318500744184,-0.3786367440538217,-0.3732907510384539,-0.5900165496265152,-0.0282356685599029,-0.0410757300437376,0.9494729991321756,0.2465635756538558,5.017696921098029,0,0,0,False
ARKK,-0.2524528745020457,0.5106985225401659,-0.412639560994255,-0.4274413551409856,-0.8107037935879423,-0.055392724104723,-0.0653282845005067,2.059430412229041,0.26319433046008,0.859968617315674,-1,-1,-1,True
ATO,0.0726547782613524,0.2070246738542908,0.2003166025003283,0.1950142668891779,-0.2003423261879533,-0.0212024175764911,-0.029309260670061,0.4746966051208517,0.093940282189269,2.824014987304237,3,1,3,False
AVB,0.0641964106032333,0.23110321874799,0.1678047990459309,0.1698771606806184,-0.4034306512816542,-0.0237852833034661,-0.0296819618696196,0.749851751206883,0.2456048235140319,1.4517337145280167,3,1,3,False
AVGO,0.3822777365845797,0.3287897412759569,0.9953018924866012,1.0796799861466568,-0.3666024024914727,-0.0304539377879093,-0.041118406047718,1.3522742223200783,0.4898981960035448,2.1894144042065524,1,2,1,False
AVY,0.1006155236400414,0.2713884408029161,0.304356074700737,0.3037644664190459,-0.3257245898755332,-0.0270864998102199,-0.0378702051409692,1.006191752295933,-0.0321613243853164,1.9373395067018333,3,1,3,False
AWK,-0.0425069942454797,0.2329072100173566,-0.2846325453915925,-0.2775779751312354,-0.3884358784284655,-0.0254282561376353,-0.0321129482013216,0.6850049657998731,-0.010132296541192,1.294933320543922,0,3,2,False
AXP,0.1675663518660208,0.3013957772950852,0.4982580479229263,0.5090566606314313,-0.3199415263635447,-0.0279890347188463,-0.040773456903821,1.1366124349077205,0.0493478390016385,2.957171222819376,1,2,1,False
AZO,0.3008129592930615,0.2489367184294153,0.9800583008824708,0.9577034125033296,-0.2139944898692564,-0.0238110757838378,-0.03527021681108,0.6201063522973086,-0.4468596623764219,3.809324640038468,1,2,1,False
BA,0.0879731353975918,0.3736535448357288,0.27827725741139,0.2859740689087403,-0.569597681934693,-0.0393684906387355,-0.0528652566973039,1.208059287416242,0.0335291645076065,1.953299822138548,2,0,0,False
BALL,-0.1386505671298369,0.329520701224852,-0.4382505731633058,-0.4389353459361781,-0.5621229164536251,-0.0302079036084378,-0.0444108801996406,0.8422318231022305,-0.3267588740804222,12.061159879009775,0,0,0,False
BBWI,0.1055514011254659,0.4904713137535915,0.3442329334696301,0.3734328460196982,-0.668750797499043,-0.0456490550677443,-0.0623795282076756,1.414549410766148,0.7660664725653512,5.902803966057901,2,0,0,False
BBY,-0.0803585423013915,0.3604302681970089,-0.1904424158410411,-0.1866926654995946,-0.5445652173913044,-0.0353501556632629,-0.0514106193266257,1.1427707286542803,-0.063788417646792,3.9025019748795935,2,0,0,False
BDX,-0.0007965520412862,0.2080597331154544,-0.1398993753449551,-0.1382033351753303,-0.207428654418706,-0.0220865120310153,-0.0298549589460885,0.4702264789363313,-0.3269767428063937,4.485130551313077,3,3,2,False
BEN,0.0701170359330116,0.3429754622967836,0.2216355393098956,0.2376578506928691,-0.4397558386411889,-0.0325171045777999,-0.0435278699008445,1.3239375816803292,0.5757177354549663,3.240696146758072,2,0,0,False
BIIB,0.0213837551397513,0.4268788569234601,0.1215269298913009,0.1824817424542984,-0.5477803766487425,-0.0282882045837218,-0.0415826308328149,0.7718359954989152,8.132416926125302,117.75523296438163,-1,-1,-1,True
BIO,-0.1760922189226182,0.3447694628284498,-0.5317253731111999,-0.4987678023438496,-0.6737953667486104,-0.0325282658091608,-0.0531134658645953,0.9753186510813208,-0.7220888533204491,5.761076007896149,2,0,0,False
BK,0.0772804124527601,0.2728901357987791,0.22603402653884,0.2199646247261618,-0.4142318567389255,-0.026215149212916,-0.0396806424315203,0.9421555504916392,-0.2402934456088932,2.230746058266116,3,1,3,False
BKNG,0.180270874119419,0.3434955034487916,0.5084748537787162,0.5119376688304058,-0.3953189852252466,-0.0345255158817114,-0.0493585968747625,1.1882116688437534,-0.1004462028717936,1.6030291416768168,1,2,1,False
BKR,0.1771072119117023,0.3739483838580592,0.4888063867927653,0.4817863309688489,-0.471849173553719,-0.0391498241353027,-0.0502527019121355,0.7811112294321676,0.0018953734785647,0.575705965649218,1,2,1,False
BLK,0.0455600857647793,0.280951197377936,0.1199096368509782,0.1241083594169941,-0.4533139816158684,-0.0266694764406705,-0.0362314491433567,1.2786706804636203,0.5922742851184977,5.150242878124979,3,0,0,False
BMY,-0.0583325002138463,0.1933564814592406,-0.4722310797649995,-0.4633198183883738,-0.4024405275483791,-0.0185348332465337,-0.0290076008388192,0.3202491714259581,-0.3656705820464738,2.875876578604597,0,3,2,False
BND,-0.0586382170092617,0.0663388191300906,-1.6305794381430658,-1.6225782549422687,-0.2274327239695695,-0.0067395579220079,-0.0090836005831766,0.0805165065854364,0.175729780590005,1.314100441349717,0,3,2,False
BR,0.1080876103315655,0.2380067385473653,0.3396831761244323,0.3404591249580296,-0.2789462272333043,-0.0244347388623262,-0.0340531291501774,0.9173110791007886,0.0328367631132002,3.22901896142966,3,1,3,False
BRO,0.1543682276665527,0.2495172268146129,0.5006099697714628,0.4539540993127446,-0.2741144414168938,-0.0232895660932175,-0.0374426708955258,0.9010649048837772,-1.040152433705796,6.829228125225342,3,1,3,False
BSX,0.180255102128664,0.2360320522301262,0.6077808414957215,0.6121354158943142,-0.2518046709129511,-0.0226561462046427,-0.0328117912940968,0.7462060942055073,-0.0193834814969185,1.7612138224846947,1,2,1,False
BWA,0.023204892790243,0.3426551120721832,0.0933893898428631,0.0891444568531727,-0.4232616412612236,-0.0341906374299567,-0.050586807206284,1.0371693208731467,-0.4723385331153406,2.639361901134518,2,1,3,False
C,-0.0510595335337503,0.2849469304113149,-0.2179104393886653,-0.2292854426421686,-0.5211620335587277,-0.027402534638381,-0.0365976851024036,0.9800839397599792,0.6746515667776991,5.01363461048734,0,1,3,False
CAG,-0.07353909853467,0.213650268447217,-0.4836037637980634,-0.4515043847389777,-0.365234375,-0.0197290833809252,-0.0322058716743014,0.286150983232029,-0.825256891951965,5.421903376740568,0,3,2,False
CAH,0.2411689233405578,0.2512126666801939,0.7873723135203435,0.7552072946145328,-0.2656099903938521,-0.0218987374076879,-0.0347124017947572,0.5095259739292939,-0.9225076544492448,10.233146671476316,1,2,1,False
CARR,0.1587049358239383,0.3037162392956286,0.4718811123258865,0.4709617381122022,-0.4159807956104252,-0.0308876225210849,-0.0426079641105365,1.11590352363914,-0.0766409080619629,1.1535620462445275,1,2,1,False
CAT,0.1764153810040389,0.2942320250962487,0.5283972668363227,0.5499526787795397,-0.3364108010948159,-0.0268909842190579,-0.0403339762171785,0.8622578169614054,0.2639196337822408,2.4614699470552144,1,2,1,False
CB,0.1480724415296559,0.2239011320484701,0.5048635007766474,0.4995412854863066,-0.1998615377958549,-0.0221844820233609,-0.0305159014787199,0.6368921616531182,-0.0505384270868362,1.4476561086104325,3,1,3,False
CBOE,0.2463246986342679,0.2355581922419015,0.8395638365184281,0.8617432743651201,-0.2238098763604056,-0.0217527188627278,-0.0312552542479392,0.4933700744852453,0.1087768041961424,2.0087855685046923,1,2,1,False
CBRE,0.1619755209023825,0.3009084784563598,0.4821916782723797,0.5028381904017731,-0.4038077969174977,-0.0295528124389976,-0.0402923729897243,1.1863471510531114,0.2692346045277158,2.0568853026428298,1,2,1,False
CCI,-0.0947650022299613,0.2651238018807823,-0.4312749856218902,-0.4233998988899244,-0.5885311871227364,-0.0266482460254086,-0.0376047690451331,0.7697515652157843,0.0414387699650735,1.9340447989859773,0,0,0,False
CCL,-0.0312383367643268,0.6078355882084008,0.1711776138429794,0.1788182955518067,-0.7962312360268285,-0.0569653194594149,-0.0824997188383538,1.917210577737923,-0.1363104765564955,2.609461973359205,2,0,0,False
CDNS,0.2630501107760348,0.3424539221817296,0.7062068761338622,0.7323067162406911,-0.295851813201148,-0.0360535175985667,-0.0465939778746443,1.369226960103531,0.1620768430289849,1.557995257353984,1,2,1,False
CDW,0.2151138296993917,0.2673524273107064,0.6756853084661941,0.6666411019992906,-0.2668524479892374,-0.0248809437604785,-0.0376931678269714,1.0958981192394588,-0.4983981912956158,6.109860675158098,1,2,1,False
CE,0.0730035586327524,0.334546499544534,0.2273548226312977,0.2303891424122943,-0.4945921067771258,-0.0317313756179057,-0.044597063484848,1.206022072954919,0.3485873031250136,3.0100561686299616,2,0,0,False
CF,0.2749876381354501,0.40042242788895,0.6814013994738668,0.7105287941781675,-0.4910012674271229,-0.0383563808639855,-0.0516463133421515,0.664575642255925,0.0262230644494388,0.7447084790716567,1,2,1,False
CFG,-0.0229931320205958,0.3674351210194065,-0.0156902327045535,-0.0159589960624795,-0.5941437444543035,-0.036645000324023,-0.0496210695334204,1.202604999499513,-0.0070058089319486,1.0779726916142065,2,0,0,False
CHD,0.0299324964907894,0.2054238134905845,0.0034208538682574,0.0031753531661999,-0.321435425062368,-0.01895713673276,-0.0317120542087761,0.3167406261087565,-0.8360140084674977,5.660191398914627,3,3,2,False
CHRW,-0.0221983028930491,0.2773211550729165,-0.1220567830663565,-0.116998171863936,-0.3394395650355499,-0.026202515693178,-0.0392378786149287,0.7196220982487616,-0.2920888881788357,5.586113372305022,3,1,3,False
CI,0.1341908592834739,0.2772946637269585,0.4114155825021634,0.4038023568057045,-0.2848806366047746,-0.0250915094820186,-0.040169056104448,0.5731164525141487,0.4869632336879897,13.883993062759252,3,1,3,False
CINF,0.0702540974135641,0.2812501032880558,0.2045237181649375,0.2060319270004409,-0.3658761061946903,-0.0242294945984545,-0.0363343281988907,0.8467144396100472,-0.2719742769617307,8.091660584638566,3,1,3,False
CL,-0.0187198511662849,0.1728893407668043,-0.3116854003522342,-0.2853190376935748,-0.1975626904148113,-0.0175740823326105,-0.0263357010521132,0.3504907660864413,-0.5821445313873296,2.3371270598543687,0,3,2,False
CLX,-0.1079360491725635,0.2721895398797729,-0.4654535275771812,-0.4367630797492602,-0.4806913313529571,-0.0246406516995089,-0.0412177384347406,0.3060863160840452,-0.7534658408958519,10.848931211081432,0,3,2,False
CMA,0.001869935858388,0.4564690340964766,0.1285227280466262,0.1254746443561646,-0.6917226392730147,-0.0369068388234622,-0.0638178483978541,1.3050068434070712,-0.9882272753768434,13.931822763099156,2,0,0,False
CME,0.0554485525169439,0.2176404056294846,0.1264116803154407,0.1314688545880472,-0.3313128090604562,-0.021841713185414,-0.0296873843855611,0.515442491055995,0.316420642833772,2.634685915594176,3,1,3,False
CMG,0.2027285922314641,0.3200661837983783,0.5782224381826737,0.6146743487021046,-0.3806584362139918,-0.029777199138398,-0.0425136352670732,1.1146464615273908,0.9447312887110574,9.01243614220144,1,2,1,False
CMI,0.0268542035365628,0.2549394620227193,0.0350385002740375,0.0351480201098624,-0.3264611036631762,-0.0262997744202421,-0.0344730339873923,0.8417520847824053,0.0242448733770875,1.4795385567777397,3,1,3,False
CMS,-0.0087403796453381,0.2051973556764413,-0.1837349036194759,-0.1746490017894728,-0.3125339858618814,-0.0204066202927853,-0.0301015117995104,0.4142982787711106,-0.2146963909928146,1.0942691357990113,3,3,2,False
CNC,0.0616310014221046,0.2990909563182355,0.181411608072307,0.1886686157281366,-0.369779880682987,-0.0279527172821641,-0.0409700492038968,0.5568437416459193,0.3597340994749454,3.863379217784735,3,1,3,False
CNP,0.1028092952506398,0.216242494971069,0.3292995504626388,0.3191954079895657,-0.2280966767371601,-0.0218966250786853,-0.031372750857897,0.5880141985500628,-0.3207248483671084,1.3544231436050589,3,1,3,False
COF,0.1031812638441485,0.357289683296951,0.3128772682553556,0.3164133137290718,-0.5182017667248073,-0.0357085429627098,-0.0486867525704705,1.2897387074667357,0.1203050056648304,1.873285455564337,2,0,0,False
COST,0.2033048125967407,0.2389286559960984,0.6849984409204039,0.6597913119277464,-0.3151385576844009,-0.0221782808420885,-0.0331675155496914,0.8625213681241112,-0.593608190235457,8.537469983186867,1,2,1,False
CPB,-0.0380454703940164,0.2254102119564427,-0.280416369309715,-0.2733886915297767,-0.3386620330147697,-0.0202083522965173,-0.0324140002741518,0.1749632961271015,-0.6117203564195068,6.452973612851388,0,3,2,False
CPRT,0.1767667225990266,0.272060237007743,0.5498680345035971,0.5517673361840859,-0.3537842594920795,-0.0256441591911885,-0.0358948769639426,1.14553016991629,0.0889319485221705,1.9587076335145543,1,2,1,False
CPT,0.0103081218036766,0.2342813682362577,-0.0527291582973394,-0.0520347939881817,-0.5302775912245354,-0.0239229084734868,-0.0309555141387515,0.7228635855324435,0.0519471526922422,1.07471162983536,3,1,3,False
CRL,-0.018151010076723,0.3700839953280169,0.0013408802927544,0.0012946985466393,-0.6410211651756491,-0.0386625737849287,-0.053928090631797,1.1880774950310364,-0.3224024871278909,1.6848314800433122,2,0,0,False
CRM,0.0613948098165513,0.3616706003343636,0.2067748853336835,0.2100314403379728,-0.586172409343141,-0.0349985848959624,-0.0503903567858395,1.380906958865466,0.1389561880605332,3.436593820149285,2,0,0,False
CSCO,0.0477556814116841,0.2345839111350524,0.1043824230882056,0.0989544227136987,-0.3860225140712945,-0.0200331305701854,-0.0332381255611007,0.8230986794134773,-1.3051086575830235,12.91743491822194,3,1,3,False
CSX,0.0577036731228874,0.2387527359717288,0.1446619155872452,0.1460539561461773,-0.2986772486772486,-0.0230998689678905,-0.0334435844690448,0.8656285629447061,-0.0511788060920207,1.3806287665088974,3,1,3,False
CTAS,0.2073932489064356,0.2346527978272091,0.7067348423508079,0.6918544002222874,-0.2422999738242736,-0.0233600146372928,-0.0315801929162263,0.9913153796562528,0.0577562084908507,1.773824869831223,1,2,1,False
CTSH,-0.016702795394901,0.2716499975997569,-0.1082258714382052,-0.1010834708010516,-0.4420103092783505,-0.0251315963418644,-0.0414607095092593,1.0067858012495028,-1.205609457609226,11.071677301299829,3,1,3,False
CTVA,0.0775821283907924,0.2711530004576808,0.2265536570465691,0.2255607465768046,-0.3529936116476007,-0.0268734880551875,-0.0390882795835736,0.6980489711470729,-0.1044463865397047,2.12332214294106,3,1,3,False
CVS,0.041274549331459,0.2415876673846321,0.0818135903596023,0.0793092638032092,-0.4119823152576017,-0.0220577132586987,-0.0347349658934037,0.5626212695062701,-0.6380040161853278,5.556864419713918,3,1,3,False
CVX,0.2089645846153509,0.2742018952108793,0.6464975752124508,0.6284600607810527,-0.2494893170650913,-0.0263799159656931,-0.0391874479457552,0.6273185734173377,-0.1574501561554939,1.7751373502373586,1,2,1,False
CZR,-0.1324160368481121,0.5574233405179118,-0.0666688955541042,-0.068897091493474,-0.7300192484726755,-0.0538641650242659,-0.0739334507592247,2.093863223184705,0.2235906425487032,1.5912325735552826,2,0,0,False
D,-0.1407924249627643,0.2223148094471308,-0.795270509562075,-0.7482755841720896,-0.5527268612808327,-0.0238309826246823,-0.0329146798158637,0.448175605759851,-0.278709574058802,1.826048054626592,0,3,2,False
DAL,0.0128262328919006,0.3823004961337168,0.0937370800984771,0.0949160203163715,-0.4575024201355276,-0.037141808424949,-0.0513494337462479,1.2473282681200442,-0.0442636485025297,1.9474087989095588,2,0,0,False
DBC,0.1475978352509785,0.2123113811764251,0.5192535733569785,0.4660425607288822,-0.2780871274156568,-0.0220053574367841,-0.0322505770057181,0.2748800698428191,-0.7457177896253329,3.5087783245373934,3,1,3,False
DD,0.0305423248183804,0.289387357900053,0.0754895511115153,0.0768502722101003,-0.4205426356589147,-0.0276732314613648,-0.0403060440685857,1.0418960970234783,0.1129271475109108,2.923922524622171,3,1,3,False
DE,0.1441497355299921,0.3092372671273917,0.428672218326809,0.4209201278396598,-0.3405405405405405,-0.0305776211208017,-0.0434151689661854,0.8458513466191657,-0.314562437693716,5.056782314567485,1,2,1,False
DGX,0.0444270142131828,0.2176111781595306,0.0787318048092279,0.0749550243250656,-0.3028148661927055,-0.0223283402477577,-0.0313639135735145,0.4453886657647721,-0.223802391053928,2.433244808648648,3,1,3,False
DHI,0.3139177373699744,0.3543518073214664,0.8061164016151812,0.7985246266153354,-0.4476972184222526,-0.036874803201036,-0.0502218068162953,1.2473243521501212,-0.0566540352075208,1.2731264033347274,1,2,1,False
DHR,0.0538136541271065,0.2773631815913239,0.1469076337368611,0.1477611455775822,-0.3718396850714359,-0.0273323863819222,-0.0381454382269736,0.9507625741953708,0.1308178088308476,2.6288998481511103,3,1,3,False
DIA,0.0767280023919552,0.150143003034647,0.2340439381953603,0.2281472096283663,-0.2190175877347976,-0.0159535186483364,-0.0215729692735989,0.7962066721264164,-0.1754375790531199,1.3467331378642196,3,1,3,False
DLR,-0.0017632500941214,0.2975037336968356,-0.0258960521349087,-0.0260477669062958,-0.5109967772940578,-0.0309975547677871,-0.0406539161602754,0.8659244156318158,0.3066203984232545,2.875931120859924,2,1,3,False
DLTR,0.0999048245644869,0.3625662519842793,0.304283341436422,0.3132804007843026,-0.4046415441176471,-0.0261991870458688,-0.0514977666287601,0.7449951651444547,0.824614090008628,21.86295577634989,3,1,3,False
DOV,0.0768576802475102,0.2431119197386183,0.2201393042453545,0.2167099506244835,-0.3626722064290399,-0.0229488020288947,-0.034748680031648,0.984575845242028,-0.0306979683044757,2.02029420044143,3,1,3,False
DOW,0.0049409760388476,0.2733197089113809,-0.0285024555127594,-0.0288624467972327,-0.3880975884924552,-0.0253987678631056,-0.0371993401671655,0.8603163454529298,0.070858173233419,1.0477908551884003,3,1,3,False
DPZ,0.0281350599053857,0.3008191375205863,0.0751374601999733,0.0789976157859888,-0.4863820814062694,-0.0294834322585212,-0.0408413171945242,0.7193822033935001,0.6746983705329418,9.15249676708332,3,1,3,False
DRI,0.1230639514249902,0.2859548712443638,0.3739582603438183,0.3752446236344879,-0.3001689506288718,-0.0268817586861664,-0.0414476430369981,0.92448911869342,-0.217221495543881,3.1121608996746946,3,2,1,False
DTE,0.0278825670824951,0.197272819800539,-0.0155076411328811,-0.014707763827338,-0.3228867165037378,-0.0214236618792034,-0.0286145046856203,0.4774041837459768,-0.1752313696979296,1.1428427573370796,3,3,2,False
DUK,0.0266926480311118,0.1885688309351699,-0.0312295486242566,-0.0298375793477353,-0.2598111409512259,-0.0188341897544042,-0.0270269943456459,0.3934563294385931,-0.2384500989257325,0.9451373905654764,3,3,2,False
DVA,-0.0349987468626179,0.3666571581051972,-0.0402116556729664,-0.0350189125296243,-0.5109881895649574,-0.0287764523678136,-0.055427426167844,0.5290304877113334,-2.8785552014799496,32.445499828805374,-1,-1,-1,True
DVN,0.4138864194402585,0.4798676843863454,0.8569849185048384,0.8894749304447215,-0.4509226037929267,-0.0455470431726517,-0.06490477511672,1.0807645321982038,0.011170779815007,1.5962804404949913,1,2,1,False
DVY,0.0739475770968793,0.1663635062730044,0.2110570934827348,0.208619341997469,-0.2207507189344633,-0.0176821336183105,-0.0230362315862624,0.7254443586367959,-0.0550990906161441,0.9836939722918476,3,1,3,False
DXCM,0.1160803878903586,0.4478671095753768,0.3552558999491401,0.3656436837433537,-0.5824223068419113,-0.043978781983822,-0.0605400021447302,1.3145555438525385,0.5179468349555648,4.314657384598959,2,0,0,False
EA,-0.0065333365977156,0.2398919846064629,-0.1153151581959026,-0.1096097741348338,-0.2670336309324025,-0.0245963688727438,-0.0355623669081102,0.5844697399560211,-0.4497653525077163,4.277807542841167,3,3,2,False
ECL,-0.0256227242306661,0.261427276167567,-0.1596895410824396,-0.1576670987940359,-0.4426528620528705,-0.0258666610354211,-0.0376042478343196,1.0518121817833208,-0.0857943654301832,3.482322597627064,3,1,3,False
ED,0.0884326413826817,0.1919481607420967,0.276630455384763,0.2714789702458051,-0.2202708006279435,-0.0201429531869894,-0.0269970397938314,0.357174778161345,-0.170495869215269,0.9037637606681505,3,1,3,False
EEM,-0.08262650507542,0.1948687923639943,-0.6015723104876162,-0.6080660050600043,-0.4145962732919255,-0.0198057625848357,-0.0263378440089798,0.7386186933663265,0.3294669300236383,2.653787845710142,0,3,2,False
EFA,0.0091096935959853,0.1713018668360051,-0.1534940434251374,-0.1518431475413678,-0.3237550225252648,-0.0166759692633555,-0.023924587300091,0.8040671304308179,0.0914039008094038,2.0516348081119022,3,3,2,False
EFX,0.0963768716369755,0.3261425494485994,0.2903832987862234,0.2915160846742339,-0.4942265611849857,-0.0321632578551714,-0.0445271278895967,1.1727233363541674,0.57893429322713,6.641181568523528,2,0,0,False
EIX,0.0576382731773936,0.2339706306852919,0.1425207414147926,0.1417025351398875,-0.2448109965635739,-0.0233136505827706,-0.032310689076824,0.6252714459669125,-0.0425539277301402,1.8601784727796635,3,1,3,False
EL,-0.1701006484359722,0.3713706287835403,-0.4466770538711605,-0.4181880567176737,-0.7189533695476793,-0.0352121545920594,-0.0555888761307258,1.2796376767050148,-1.0889514858456328,10.35685621777417,2,0,0,False
EMN,-0.0307304368009014,0.3068756907226856,-0.1104687910014799,-0.1068189407924194,-0.4691225101899561,-0.0303898686349192,-0.0437833788295788,1.126408037431368,-0.3576988323325482,2.603185126525833,2,1,3,False
EMR,0.0770371779942218,0.2413459006302732,0.2209525308487871,0.2200739756140249,-0.3087984862819299,-0.023762846765728,-0.0349086743037752,0.9198370505166844,-0.2628225793564212,2.0702821300767096,3,1,3,False
ENPH,-0.0850536704866016,0.6723307535699865,0.1300626417671551,0.1325445594125368,-0.7751190476190476,-0.0642297585967816,-0.092836147318951,1.735319575021022,0.1197205088337198,4.353829112505142,2,0,0,False
EOG,0.346107316889221,0.4050973377574279,0.81219211833606,0.8558001386385872,-0.348180634550812,-0.0377206772535878,-0.0544039071372535,0.7716837558572742,0.0244045382036673,1.19574106759566,1,2,1,False
EPAM,-0.0514539573567685,0.5855648030876911,0.142878825773431,0.1326054931602758,-0.7563729111207126,-0.0468456054090741,-0.0798812460399359,1.6052766205625169,-2.062773439669812,36.69950242603163,-1,-1,-1,True
EQIX,0.051925640151033,0.2875301908261963,0.1453554897353549,0.1470468282235962,-0.4275341798534259,-0.0297325538879538,-0.0379731608331772,0.8982986879292335,0.1733491851738821,2.032198287437296,3,1,3,False
EQR,0.0209126422123338,0.2339930989417807,-0.0084837238517249,-0.0083567945923726,-0.4295366795366795,-0.024130623721086,-0.0316880160125853,0.7727519492741896,0.0365859735882696,0.9679737292398856,3,1,3,False
ES,-0.1000384592004097,0.2285550952836336,-0.5650475458418319,-0.5424838272184501,-0.4416773094934014,-0.0252025414959794,-0.0334087227848426,0.5152362776929693,-0.1626492511904543,1.8609050342964812,0,3,2,False
ESS,0.0281414093058498,0.2492807484451512,0.0352209609996537,0.0348233745604042,-0.4540369040661268,-0.0248112748905091,-0.0336069767869649,0.7930266454183424,-0.0461925453812737,0.9162560661528528,3,1,3,False
ETN,0.2676150803922286,0.2557513135816775,0.8591325290743028,0.8644238971362922,-0.2840948127791136,-0.025887092956037,-0.0356661495466857,0.9638342523543068,-0.1150414726698055,1.4424610112786342,1,2,1,False
ETR,0.0107659109242446,0.2213258423958634,-0.0666797735175209,-0.0627459489902091,-0.2937062937062937,-0.0230739122849822,-0.0331353632069786,0.5201599027089173,-0.3411454932318196,1.214702429490247,3,3,2,False
ETSY,-0.2231593061053625,0.6175587199523618,-0.1810114014414383,-0.1867331775852321,-0.7956956653531373,-0.0596766328956123,-0.0838119910482468,1.8910132244523632,0.1458542000451719,1.8632175725339968,-1,-1,-1,True
EW,-0.0502509563216415,0.312379820497432,-0.1657531913353616,-0.1517371896276241,-0.5277777777777778,-0.0300148134102028,-0.0487028103019524,0.9891252738551828,-1.3641196679281182,10.114676312726544,2,1,3,False
EWG,-0.026446820299389,0.2191395571952081,-0.2410942557283855,-0.2334339703580229,-0.4646381578947368,-0.0213025244069688,-0.0318208034372312,0.9324898007990886,0.217956975689941,3.4417662357606083,0,1,3,False
EWJ,-0.0133382666428986,0.168771320554642,-0.291495517636047,-0.290092778890779,-0.3464651915812197,-0.0163237220250184,-0.0225298018198621,0.6915192027969304,0.0583098779286154,1.0498713118990168,0,3,2,False
EWU,0.0367300629077613,0.1793099120000192,0.0118341904082643,0.0112900630329449,-0.2623705408515534,-0.018972395357137,-0.0266331267757767,0.7135998198884284,-0.192238820052384,2.237601935751305,3,3,2,False
EWZ,-0.0149874708349106,0.3201632786200842,-0.0424791492672098,-0.0402171037234876,-0.3979980934223069,-0.0338295962224533,-0.0482448770289807,0.7272548818846489,-0.3898971447789325,1.569731718367159,3,1,3,False
EXC,0.069776985058289,0.2214734960046127,0.1897783165771791,0.1758686519057584,-0.3144278606965173,-0.024082252226456,-0.0342752996931952,0.5744205153174093,-0.5937944931960824,2.461042371806596,3,1,3,False
EXPD,0.1135262753836434,0.259538209417865,0.3509621297946276,0.3553658559440893,-0.3601238755345819,-0.025992493335405,-0.0363726471092202,0.8899551512323576,0.0427861036211297,3.457697908462087,3,1,3,False
EXPE,0.0496518998293358,0.4541840529635789,0.2228913681200086,0.2346362232546435,-0.6085594013096352,-0.0380141831858165,-0.061114620238408,1.417485993685445,0.2428478393373639,5.884413789310267,2,0,0,False
EXR,0.133692442836997,0.2939534799987534,0.4034317789724311,0.4115635877654987,-0.5453623252326556,-0.0263977117281183,-0.0411479829634288,0.8594230284369928,-0.0129873242877891,6.111281521361848,1,1,3,False
F,0.1276546551002886,0.4266121723417627,0.3776182496931053,0.384502748519425,-0.6149265581579992,-0.0399033101847115,-0.0598417914598768,1.384967570368592,-0.0434036887404277,2.3527104506847247,2,0,0,False
FANG,0.4723085797566155,0.4456573835410089,0.9775475603558744,1.005048648216849,-0.3347256857855362,-0.0413053147390999,-0.0576858299239889,0.9401499284108804,0.1377418009046733,0.9468175072427556,1,2,1,False
FAST,0.1083052142109592,0.2373167907080748,0.340962009421801,0.328466013680725,-0.3191555417572183,-0.0240340987344614,-0.0347982229507848,0.8824708293794685,-0.1019207570806027,2.9123404665498085,3,1,3,False
FCX,0.1629700088521979,0.4740369336162771,0.4482650745769513,0.496297287046492,-0.5168496052378202,-0.0472287921791233,-0.0598184474610517,1.4683123446569009,0.2859239132619501,0.5744711841270105,2,0,0,False
FDS,0.1308902890512668,0.2384309895927384,0.4251864045349757,0.3968728645328847,-0.2866728035184617,-0.0243321846188651,-0.0345635748204583,0.7804645371990244,-0.2187607328162523,3.1842788326205738,3,1,3,False
FDX,-0.0002915170210994,0.3307171124154744,0.0165496308840763,0.0162084475648632,-0.5471973129693589,-0.0280834689544663,-0.0455348933845364,0.9989538894058594,-1.1454165782751091,19.72673243321113,2,1,3,False
FE,0.0754802179384446,0.2110252618565723,0.2129568214807618,0.2060811564898024,-0.3272802311184482,-0.021833706728337,-0.0296443049053704,0.506599699410395,0.0581156226973497,1.9863493214696324,3,1,3,False
FFIV,0.0059348969506427,0.2920099876831963,-0.0038581555924096,-0.0036938230347356,-0.4741706352409395,-0.0269480099051801,-0.042871321811501,1.1086867593992789,-0.6422146383956985,5.002466248734937,2,1,3,False
FIS,-0.2469144767969806,0.3638747025203902,-0.7240887752276953,-0.643555182627452,-0.697090371892864,-0.0327396143590352,-0.0545983384435975,1.0544117852356116,-2.751579747919386,31.651600846317837,-1,-1,-1,True
FITB,0.0824983970582198,0.3574055717113903,0.2604967862905655,0.2654459575082938,-0.5462834489593658,-0.0342455119777066,-0.0485668650078776,1.2093281334100323,-0.0576343327156373,2.6250734924435712,2,0,0,False
FMC,-0.178027277035215,0.310635167879032,-0.6348582912078246,-0.598165346520501,-0.6414796759624347,-0.0294242607776104,-0.0473055474108686,0.7728178936583416,-0.4560197217997241,7.475592564485789,0,0,0,False
FOX,-0.0090532829935535,0.2922868568963693,-0.056653469714982,-0.0599895271574949,-0.3588320463320463,-0.0273649902926855,-0.0397372466317033,0.7260350465458613,0.310262395970807,2.5866010987680634,3,1,3,False
FOXA,0.009914224381927,0.3065393267270112,0.0217472375414269,0.0226907595908838,-0.3623811679492982,-0.0288574232977789,-0.0421427547434671,0.6949285093618106,0.2466317651374778,3.0500829323141327,3,1,3,False
FRT,0.0784605066442418,0.2620816037935484,0.2278617304579193,0.2323080273774139,-0.3850182966205066,-0.0241907176134191,-0.0337213986048907,0.8922928089199508,0.1576551708166242,0.7546384788717542,3,1,3,False
FTNT,0.2639760185857442,0.4419314866813481,0.6450307942354403,0.5833356013911485,-0.3831589436970603,-0.0414307800999326,-0.0687772165880615,1.501842619629345,-1.5786319809047211,12.405057283586409,-1,-1,-1,True
FTV,0.022959533305672,0.24644605511602,0.012590473340441,0.0122396559799907,-0.3232136866823213,-0.0253392033021467,-0.0355569252553811,0.9919338777249288,-0.2637466984914666,2.395694021815057,3,1,3,False
FXI,-0.1974555286660876,0.3349326678331278,-0.6406724896466187,-0.7086681849477164,-0.6153846153846153,-0.03048279741845,-0.0412128353568507,0.7996420887827672,1.4442127472401771,14.174371976917964,0,0,0,False
GD,0.2132012585463818,0.198979256471498,0.8186845057484489,0.8220824846984224,-0.2016110111832329,-0.0184075488325236,-0.027800860280597,0.5850606195795649,0.1764731413141178,3.637630716427773,1,2,1,False
GDX,-0.0700740092794529,0.3327025732311357,-0.2029568485537685,-0.2146317634444654,-0.4651333496452165,-0.0334615384615385,-0.0426644645863218,0.6403912547687836,0.3464471790840755,1.164575273613384,0,1,3,False
GDXJ,-0.1331681598294537,0.387711167138495,-0.3041124991843678,-0.3206842595441448,-0.5505675954592364,-0.0396002520739667,-0.0505006803262867,0.8140589803170836,0.2582736840102358,0.7806057763921568,2,0,0,False
GE,0.2516573506993722,0.3092255214907669,0.7185470739753302,0.7243528303114323,-0.4678564029630956,-0.0292897539155293,-0.0422079373356578,0.9830190643713486,-0.136320481504464,2.033065536125774,1,2,1,False
GILD,0.1052615278174777,0.217105715704908,0.3375577689556542,0.3750314686569885,-0.2161868549701249,-0.0195548335379411,-0.0264470936210653,0.4829500113627343,1.3124764492401522,11.050662811041953,-1,-1,-1,True
GIS,0.0335861988875767,0.2023261114031,0.0172472719645284,0.0169240506167302,-0.3209358790420483,-0.0194064027926046,-0.0290724513032842,0.2052381881982346,-0.2007423958482471,3.880766262324012,3,3,2,False
GL,0.0968416939625698,0.2270561213976905,0.300215228570131,0.2914594317547029,-0.1993614423889566,-0.0235575126957927,-0.0327669483945356,0.7318142231049926,-0.2155758532522842,1.682346514403346,3,1,3,False
GLD,0.016006185714841,0.1408218158867711,-0.1720545546470007,-0.1713101065323476,-0.210328442378988,-0.0152610233669257,-0.0199540055267391,0.1122243204310306,-0.0391930659294593,1.1646401146120335,3,3,2,False
GLW,-0.044901608309538,0.2692379194472136,-0.2221559183330474,-0.2266674969431857,-0.425081081081081,-0.0266031284859737,-0.0365646611472432,0.9990962331009264,0.3494769430195421,3.242386482693656,0,1,3,False
GM,-0.0395307685795885,0.3912539651977878,-0.0358305253025191,-0.0366248276132441,-0.5946151505932461,-0.0379767146441481,-0.051478376459489,1.3401074338365009,0.1848928067351471,1.0234672209339002,2,0,0,False
GNRC,-0.1691439584580409,0.5740322955229553,-0.1174162167309905,-0.1151272138610979,-0.837485172004745,-0.0589358921080413,-0.0796947294365673,1.8493095254237988,-0.5095129771842242,6.471892727430026,-1,-1,-1,True
GOOG,0.1782896785341532,0.3170495974080335,0.517875648968894,0.5219117180184792,-0.4460221617676332,-0.0302828577914784,-0.0433781584221702,1.3305802969657248,-0.0246369894796938,2.5879464992641465,1,2,1,False
GOOGL,0.1752585888534485,0.3173692832133735,0.5095151432103243,0.5150485731728336,-0.4432060864922584,-0.0305751533627338,-0.0433785835880268,1.3336999365728115,-0.0058414337472348,2.396629869852493,1,2,1,False
GPC,0.1213273524046154,0.2399918938096664,0.3896840093667438,0.3546757283419506,-0.3212302434856898,-0.0235990058197043,-0.0348642102345208,0.7702864288355599,-1.05492302134762,7.1362317694839295,3,1,3,False
GPN,-0.1514358042052593,0.3455117300295934,-0.4451571694290408,-0.42402351093973,-0.575214376938515,-0.0333946440987783,-0.0523761739027418,1.19807311661471,-0.5533493931301081,3.855854966965029,2,0,0,False
GRMN,0.0267813962189984,0.2528301249213514,0.0332233917816695,0.0321574606791074,-0.5600964233658482,-0.0240588446355618,-0.0363792963246135,0.976409035587293,-0.1453163311882935,5.426698157964864,3,1,3,False
GS,0.1342213200824091,0.2644497339701255,0.4188562910627129,0.4351121030623384,-0.3398843930635838,-0.0244344623590492,-0.0346801053649564,0.9832154507971336,0.0430036298670331,1.0703193711453172,3,2,1,False
GWW,0.28352003471025,0.2565506702924659,0.9046315447908626,0.9423592659089368,-0.1711441946775758,-0.0242465843078105,-0.0326912708407718,0.8087995202626439,0.8371891206152328,7.141281731715584,1,2,1,False
HAL,0.2445277104106833,0.444043779387865,0.6016057162624906,0.6200354554808711,-0.4575285082615778,-0.042923916279811,-0.0581020548374538,0.9570595598590904,-0.0162791367581955,0.5399354532847065,1,2,1,False
HAS,-0.1790828049477574,0.3170346096329761,-0.6213570788660386,-0.6082813138600912,-0.5873749037721324,-0.0311678010866813,-0.0444688077319649,0.9063629721272884,0.3378258429927268,7.8117364151781565,0,0,0,False
HBAN,0.0042546447465932,0.3419573811120136,0.0385282502725047,0.0378621333724867,-0.4736245036868973,-0.0309171193402007,-0.0483692877463867,1.0978473234703294,-0.5115999271321453,6.450627890935577,2,1,3,False
HCA,0.1838785441147878,0.3141272909423875,0.5377495945079867,0.5229334689157525,-0.3967509812472743,-0.0254716881828108,-0.0424452158175913,0.9317508335772334,-1.0690734514979952,24.62825664306423,-1,-1,-1,True
HD,0.0956594995290582,0.2486448363784577,0.2906990897477517,0.2737684842485818,-0.3594598491037532,-0.0253103030849036,-0.0361550990216617,0.9223014088638458,-0.3373823363044449,3.5997555650037936,3,1,3,False
HDV,0.054520432034719,0.1397112619074798,0.0916163102880202,0.0878990148349941,-0.1694868995633187,-0.0141362222365254,-0.020192196117249,0.6055789842864463,-0.1552552136068908,1.426847557886218,3,1,3,False
HIG,0.1863717896840107,0.2604973103769609,0.5914056469579801,0.6403547354788343,-0.19535500995355,-0.0236664438734887,-0.0323962140631144,0.7179313755232637,1.9046475266892076,21.930680893833937,-1,-1,-1,True
HII,0.1664794597396319,0.2386518218779112,0.5542836899232458,0.5648298486723061,-0.2511268262356233,-0.0232095653983678,-0.0318717678904476,0.5366366151693298,0.2025266412910569,2.863285902637277,1,1,3,False
HLT,0.1934923551531995,0.3017179638930054,0.5708517437109908,0.5761310655175288,-0.3272649258305749,-0.0291784574322492,-0.0414439391269517,1.0978890629657134,0.0030473295182476,1.2399902055016114,1,2,1,False
HOLX,-0.0077191298172052,0.2506940931990439,-0.1050546544055656,-0.1046864927839873,-0.2771141901576683,-0.0240713902797626,-0.0354960897486503,0.6660468538573302,-0.0033062758121937,4.053396003865695,3,1,3,False
HON,0.0028336799384609,0.2092361210756773,-0.1206688079574947,-0.1157161293443107,-0.2869833212472806,-0.0204613758973402,-0.0297757861813756,0.8148840562751875,-0.2954551929980096,2.317046517428303,3,3,2,False
HPE,0.1373103710613945,0.3068621487526115,0.4091363100814922,0.412546020071422,-0.3208616780045351,-0.0288393893233188,-0.0422778201676451,0.999423126840736,0.113977190718568,2.5818928551678773,1,2,1,False
HPQ,0.0771440936175682,0.3359519234738878,0.2394102217634452,0.2422314773266574,-0.3879524045612296,-0.0316952808936081,-0.0479758381264682,1.175491074680962,0.3127718844991138,5.080521927475608,2,0,0,False
HRL,-0.1155772109819028,0.2129058735582897,-0.703750230461648,-0.6392207744085315,-0.4440795475278234,-0.0197045824299539,-0.0327909273666785,0.216058427143385,-0.908703950565132,8.61316819464104,0,3,2,False
HSIC,0.0445169540798244,0.2483691972405255,0.0979221049280144,0.10031372411229,-0.3269899956502827,-0.0241210277709476,-0.0347385318681706,0.6623044023131334,0.0456370732686424,3.296923399700137,3,1,3,False
HSY,0.0735107322634214,0.1789257711783571,0.2063559815384985,0.2025500813980367,-0.3503889994572101,-0.0171358365873262,-0.0252507947064751,0.3292460944854132,-0.4393451093772824,4.297849259896148,3,3,2,False
HUM,0.0358339255204942,0.2760426453441084,0.0880670825427496,0.0798521497287254,-0.2463765541740674,-0.0245293274521933,-0.041196616926256,0.4447671763760661,-2.093284142771632,23.90595208403239,3,1,3,False
HYG,-0.0389424532029383,0.0883002076519785,-0.9715644671744234,-0.978185097925286,-0.1929884275017019,-0.008969100455968,-0.0126766342302716,0.3792027486231579,0.0281919100574098,3.952216089158148,0,3,2,False
IBB,-0.0337440850453879,0.2319474627915891,-0.2474794981990652,-0.2384126068613422,-0.3994665455990012,-0.0236181440757678,-0.0318664648622025,0.8986167944797072,-0.072241522744497,0.3986099762155519,0,3,2,False
IBM,0.0974764081962906,0.2165321421849279,0.3074103745240274,0.2886077488439613,-0.2344658910629296,-0.019695001760971,-0.0322485589827903,0.5349288650389236,-0.8878151109972123,8.780459383283446,3,1,3,False
ICE,0.0429368112607806,0.2184047684505971,0.0727095117622035,0.0714887092531492,-0.35148764498235,-0.0214123400067762,-0.0303146290435736,0.8036871860649236,-0.2284199123056029,2.1599894932983337,3,1,3,False
IDXX,0.0414345329779313,0.3439827565142525,0.1442335387380547,0.1420529546881441,-0.540013602357742,-0.0369071208988081,-0.0474005250582259,1.2936430540113086,0.0778945658950425,1.4142649803533316,2,0,0,False
IEF,-0.0707955783722447,0.0857028057771394,-1.3965260497736347,-1.4216734336967372,-0.2586264377396233,-0.0087323505733265,-0.0112655317985671,0.0500057252731013,0.2516912525895485,0.9268969875246382,0,3,2,False
IEFA,0.0041339096108092,0.1723827940569794,-0.1801000083765404,-0.1762530917423461,-0.3309462915601023,-0.0170258865754808,-0.0239769432959005,0.8058693213095613,0.0823384033881274,1.9308304089960475,3,3,2,False
IEMG,-0.0687137372828846,0.1898125303000851,-0.5434153472511131,-0.5406211235329322,-0.3966311546213648,-0.01927500460278,-0.0260597324197294,0.732460870977274,0.2167752400512892,2.348930894972242,0,3,2,False
IEX,0.0361279715457509,0.2258743487521117,0.0484982656632138,0.0474386096871912,-0.2774112734864301,-0.0240660929152645,-0.0309140171845724,0.8305554936247782,-0.0610608826997881,0.6632290144960744,3,1,3,False
IFF,-0.0837074633600611,0.3367777165452934,-0.2353452389574558,-0.2221178762619905,-0.5993111366245695,-0.0285758073704797,-0.0479544436620843,0.9766879669621272,-1.3771696334146666,20.719113987461363,2,1,3,False
IJH,0.0703487934379905,0.208998684666292,0.1901773895300144,0.1907009606114183,-0.2460850111856822,-0.0213794166159805,-0.0279511317749097,1.0477161843710288,-0.0153852027756151,0.7758809402015974,3,1,3,False
IJR,0.0597918651280324,0.2248094753727011,0.1478183606927219,0.1523714755085317,-0.2765957446808509,-0.022284065428828,-0.0284935007508695,1.0271210318501245,0.1382038453367323,0.5423900523450707,3,1,3,False
INCY,-0.101699659429157,0.274358272582169,-0.4352415531491286,-0.4280117325513021,-0.4809950248756219,-0.0263637584216485,-0.0395725266559659,0.5810673799078637,-0.2172693176136171,3.102270515471806,0,3,2,False
INTC,0.0039013829987764,0.3635566667922817,0.0549681036176568,0.0555792760152012,-0.6352182830354527,-0.0341874111232029,-0.0514660946050734,1.2554004472627072,-0.0234907170856236,2.6512545386623,2,0,0,False
INTU,0.1904260997680487,0.3668457676012746,0.5219027420987506,0.5196724645523143,-0.4913914720870641,-0.0380066957791379,-0.0516077265438761,1.595689976267572,-0.0347815164494143,1.3683881659341304,1,0,0,False
INVH,0.0611217496234401,0.2451781396522119,0.160218394748246,0.1627639431336227,-0.3694309660344068,-0.0236109196648699,-0.0331653046859144,0.8335020098867653,0.0764944174530889,2.662231388339516,3,1,3,False
IP,-0.093804602525618,0.2714859608180316,-0.410699069102209,-0.4140163195610506,-0.5488012374323279,-0.0253245116097017,-0.0385055840336011,0.7577403222872056,-0.100849384644486,5.147610743696916,0,0,0,False
IQV,0.0948487673763629,0.2883666097190088,0.2843185184770581,0.2871258769096939,-0.3918828066947383,-0.0282675015737134,-0.0395166196300644,1.1457916297139723,0.1983134401733791,2.5197447971990505,3,1,3,False
IR,0.205407634099892,0.292578294693736,0.6134532846634841,0.6230922583596152,-0.3559075480846936,-0.0298298177973262,-0.0408026435275386,1.148726617562988,-0.0560273200829059,0.944873162168276,1,2,1,False
ISRG,0.0820586461126413,0.342808175116784,0.2559244825183088,0.242821606242868,-0.4990421980187182,-0.035417184818093,-0.0495279983625217,1.3436814545157858,-0.2035322778542655,4.963534153575823,2,0,0,False
IT,0.421516737657293,0.3124231307462179,1.119264886524696,1.1964948363569416,-0.3403691601165769,-0.0289213843714684,-0.0396309181215525,1.0936009122928445,1.1635558520872455,9.037397781494416,1,2,1,False
ITW,0.0890238926585773,0.2143875009863455,0.2713797578040014,0.2646492275973039,-0.2892398416673399,-0.0216157416452639,-0.0306914039461768,0.8547763207109929,-0.0464370072357254,1.636025327773456,3,1,3,False
IVV,0.0891954491975579,0.1763625494319974,0.2887618699677957,0.2838078910791201,-0.2539596532177391,-0.0181043609660321,-0.0254963222560784,0.99634080925568,-0.1634099173898585,1.6545753376109062,3,1,3,False
IVZ,0.0173123158827379,0.3789511266749901,0.1011567100448677,0.1053806052422976,-0.5731333106034776,-0.0344404717349237,-0.0479953609973614,1.5059367194883893,0.5564557084711266,4.671043687276734,2,0,0,False
IWM,0.0123456950671916,0.2366338547429985,-0.0413841354000088,-0.0417864433057982,-0.3312582453825857,-0.0237150851695693,-0.0309037970348657,1.1356238510398742,0.0632823833404655,0.380363229148505,3,1,3,False
IYR,0.0339879602871739,0.2018690946002019,0.0184713519178796,0.0183306324103887,-0.3690373686929568,-0.0219235538534372,-0.0282932029586667,0.8610428027322226,0.1117919752821628,2.305343575111765,3,1,3,False
J,0.0699263462987718,0.2550467687660568,0.196309533407547,0.1946577745147012,-0.269133588719537,-0.0260695447760011,-0.0354344193169786,0.9217845662198604,-0.1169007550653753,2.134095897157525,3,1,3,False
JBHT,0.1408660999646562,0.2906012126466676,0.4264870781066106,0.4302536808234571,-0.2897367696964139,-0.0265714316235955,-0.0391022422086674,0.9426490567243908,-0.091983565314175,3.739495228933825,1,2,1,False
JCI,0.0771815831753506,0.2722417193899436,0.2259120919539408,0.2120460379362823,-0.4305743450990039,-0.0267732373372961,-0.0402178171889069,1.0048183357328966,-0.4459321009852906,2.6279910920920533,3,1,3,False
JKHY,0.0099429984311727,0.2476977964747257,-0.0366010606969102,-0.0322626323217866,-0.3457146918084048,-0.0232750607658726,-0.0405002974792798,0.6837312722503371,-1.2085813970822028,5.960830067096442,3,1,3,False
JNJ,0.000514088703613,0.1618870957576438,-0.2249734842658258,-0.2286210545414777,-0.2172463846029783,-0.0161792178322854,-0.0226173317051797,0.3270914534564501,0.2617234249732285,3.248812071360893,3,3,2,False
JPM,0.1062779036394494,0.2442799911261728,0.3302998061884065,0.3383142479528558,-0.4064501106065898,-0.0249047549036172,-0.0331537947802759,0.8709138359136979,0.1433570527687248,1.814223127886755,3,1,3,False
KBE,0.0360367834630235,0.2902575672703301,0.0947548410671808,0.0951939460714322,-0.471941731501407,-0.0278835972151027,-0.0392395440669432,1.0886530846347642,-0.0823559185622589,1.8813748927931164,3,1,3,False
KDP,0.0180434106944729,0.1900592990353174,-0.0739223687286217,-0.0694935934443289,-0.3038922155688622,-0.01827851921718,-0.0280520878601735,0.4480303386379243,-0.2937929248163079,2.085845305422262,3,3,2,False
KEY,-0.0405187821976104,0.4252869619013309,0.0032501329255459,0.0032044690785746,-0.6693817104776009,-0.0372811691205938,-0.0566461802064147,1.2668873383219343,-1.0647611271271629,15.151227435377937,2,0,0,False
KEYS,0.0668372579245957,0.288643141940882,0.1966246346048767,0.1900896922237004,-0.4262011253787332,-0.0276128817888155,-0.0411663514378376,1.1344345918418306,-0.8826301007352794,7.786828543676657,3,1,3,False
KHC,0.0262567062002028,0.2191276824979434,0.0002060689890303,0.0001938344399247,-0.3079514824797844,-0.0195924877473404,-0.0332341623166375,0.310205075328973,-0.7131687511500236,5.935382224148787,3,3,2,False
KLAC,0.3092206697576152,0.4172996414941053,0.7335126176563835,0.7726345769615388,-0.4084943820224718,-0.042566914287151,-0.0547459231455886,1.6975301371962537,0.1096594548995509,0.5167179152846533,1,2,1,False
KMB,-0.0308262810091848,0.1828575451758695,-0.3532184588577972,-0.3451477471301993,-0.2420637665122069,-0.0193173642472708,-0.0269084731710669,0.2900125496113898,0.0881187589309535,4.488555243489305,0,3,2,False
KMX,-0.0634347206509891,0.4363205933086889,-0.0415208091031488,-0.0396243737444203,-0.6403616402970617,-0.0396476528302397,-0.0643850082103605,1.385711904958818,-1.020522947967203,10.200393291285597,2,0,0,False
KO,0.0377907378705713,0.1624380581595576,0.0018574450763385,0.0017069106297524,-0.2088808337109197,-0.0158174617298684,-0.0242352429689042,0.4697731728931432,-0.6637674967165573,4.414764759228621,3,1,3,False
KR,0.1255112022817859,0.288895306782335,0.3796126395676411,0.3885236075698501,-0.3171720447543376,-0.026959421145436,-0.0397166003425639,0.2919333274530766,0.3947982866395267,6.077617076003218,3,1,3,False
KRE,0.0046485944917242,0.3176114070772743,0.0161296978278003,0.0165443441111095,-0.5420157400355421,-0.0304119910530662,-0.0426028719346666,1.1060059115222167,-0.1093766305726177,2.856608844322676,2,1,3,False
KWEB,-0.2951603741633842,0.5556640226010788,-0.4504003404981297,-0.5071959342642408,-0.8222286597141754,-0.0491718774677453,-0.0693556672569793,1.2158070521247204,1.9953103696435623,22.367296419057396,-1,-1,-1,True
L,0.1626737121542136,0.2116532704709554,0.5810920023134114,0.5815305536285584,-0.2626187648456056,-0.0212464527105611,-0.0281656152778829,0.7370667237336294,0.0268073686758583,0.711892087462199,1,2,1,False
LDOS,0.0186433532770022,0.253818736897959,0.0047862632922916,0.0043444126926709,-0.3174800354924578,-0.0228655885595998,-0.0381698059100156,0.5128815195878489,-1.517613864277238,14.830805234322174,3,1,3,False
LEN,0.263149586169614,0.3615771651145151,0.6873696795723893,0.7048272672257664,-0.4483790950303652,-0.0365519722684464,-0.0504476296202566,1.2645849054875395,0.2755698277479531,3.203730327648961,1,2,1,False
LH,0.0895414480780893,0.2379292929979895,0.2690994199614411,0.2561603373156334,-0.3498184781803364,-0.023703200411685,-0.0350558598322454,0.6525874794390549,-0.219619560024561,1.758068686155449,3,1,3,False
LHX,0.0532408729597728,0.248033559343834,0.1306990152113722,0.1347832745048251,-0.4042993277683386,-0.0245565968725572,-0.0342254029719288,0.467411167751008,0.4695299297571958,4.752636964042917,3,1,3,False
LKQ,0.1131126713754877,0.2764073670767977,0.3458656781990851,0.3318051041930424,-0.2911877394636016,-0.0254380465429148,-0.038172345190179,1.037953470216334,-0.7419131236432295,6.356855701694833,3,1,3,False
LLY,0.5254574353402313,0.2926916957011689,1.4155924516000429,1.6208528947135334,-0.1874152029628542,-0.0245739931350413,-0.033674199793403,0.5162831469928225,1.3993790787503717,10.348335380737645,-1,-1,-1,True
LNT,0.0053523076340111,0.2121765312939331,-0.1043590439732537,-0.1023688139375321,-0.2903621853898096,-0.0213801746527983,-0.0309446825810886,0.4650230143236082,-0.203051637063216,0.7054963349263454,3,3,2,False
LOW,0.1161427896696534,0.2740352690434799,0.3550483098968956,0.3443415194643472,-0.3434463233606243,-0.0287080545542379,-0.0399325857474869,0.9669514408845192,0.0366712754160603,2.8373034481697483,3,1,3,False
LQD,-0.0700877464739465,0.0974116607789911,-1.2098496597887287,-1.19014594672893,-0.2848722986247544,-0.0101737127798549,-0.0132521390519672,0.2063531046013235,0.1132640953710648,1.3678830038374827,0,3,2,False
LRCX,0.1801664355045742,0.4468829566186743,0.4814380717521095,0.5033074767952526,-0.5683748972321184,-0.0438635719768269,-0.0617901635658665,1.7868434010505894,0.0894028827683371,0.9199024276410824,2,0,0,False
LUMN,-0.4288328391477592,0.638274299795639,-0.6273508085567098,-0.6003246553063888,-0.93619140625,-0.0595642896769512,-0.0946279300933265,0.9979629823983752,-0.3690653929948799,12.82933581166532,-1,-1,-1,True
LUV,-0.1384757503200941,0.3395749241768865,-0.4159390741997245,-0.4208820065311658,-0.6531981279251169,-0.0343478775913129,-0.0462102055947252,1.0103201291138857,0.0138450669551351,1.0522588822162144,2,0,0,False
LVS,-0.0533561585276489,0.4409469871145535,-0.0185523587029911,-0.0198079049287787,-0.5447129909365559,-0.0423257346445138,-0.0609021875221245,1.1665659641285315,0.3928086280206695,3.87101579598896,2,0,0,False
LW,0.1270431834248331,0.2859467511458484,0.3869604917068052,0.3818147878195182,-0.4177156177156176,-0.0244757469400336,-0.0419440975507515,0.6585285482854427,-0.5192025420555392,8.05836884499987,3,1,3,False
LYB,0.0212964605186103,0.2978010888502957,0.0516002344509068,0.0519677443467052,-0.3874087900899371,-0.029575811382557,-0.0412293877244494,0.8770074201131483,-0.0244396686522384,0.7872950730149721,3,1,3,False
MA,0.0670358281410046,0.2677296289928693,0.1891146091109181,0.189662332528892,-0.2857466918714555,-0.0280126617674673,-0.0394117357450793,1.0899007761765311,0.0167708612070355,2.387396420266956,3,1,3,False
MAA,0.0311450680692924,0.2316523648480804,0.0319687900327312,0.0322913629622401,-0.4878399581589958,-0.0236522490730085,-0.0303734641718573,0.7585910759244813,0.1517962475614776,1.256102082294373,3,1,3,False
MAS,0.0770672810239603,0.2907938423180182,0.227845654562444,0.2331110238451612,-0.3890075466324933,-0.0284278161949643,-0.0393033222328889,1.0869234858813606,0.3334873330420668,2.6007288476051538,3,1,3,False
MCD,0.1222691989072186,0.1654545836810814,0.4771413077038961,0.4873064365687182,-0.1768326597204197,-0.0160657796669377,-0.0223724211271158,0.5174009510602473,-0.0141163233427751,1.8078485759868728,3,1,3,False
MCHP,0.0961299207027468,0.3935524435993318,0.3023693004204087,0.3080559066706259,-0.3716843872411863,-0.0399616846858313,-0.0519157863393957,1.6641756529055225,0.0650846364192831,0.5688901846602747,2,0,0,False
MCK,0.387361359737588,0.2192761859233523,1.3739549004545335,1.4289465509253545,-0.1565219578449619,-0.020511266272799,-0.0288534142050486,0.4224622712029089,0.1801302535751217,1.788561065249112,-1,-1,-1,True
MCO,0.1024593813553853,0.2631418485930189,0.3114762819698912,0.3065389289143748,-0.4215495832206349,-0.0273118261595008,-0.0359767252082111,1.1290009900631135,0.2692788403599794,4.193065345387186,3,1,3,False
MDLZ,0.0778638578080606,0.1816704041923537,0.2283010997704739,0.213625466028727,-0.2210311383358856,-0.0174768301218589,-0.0273140462636023,0.5133708965676975,-0.5445130034794236,3.293638323935307,3,1,3,False
MDY,0.0711720714101709,0.2093665681680492,0.1938663308285181,0.1950791533088255,-0.2437715383311677,-0.0211501158851395,-0.0279535224298778,1.051113887875837,-0.0008276459747855,0.7127143650691741,3,1,3,False
MET,0.1288064842754142,0.2628736387266467,0.4018906249622745,0.40253984183677,-0.3616634178037687,-0.0273101832296678,-0.0371412011189885,0.8895418632334772,-0.1588836051341418,1.2972806475832406,3,1,3,False
META,0.0965103795513524,0.4710603719509241,0.3302504945369631,0.3238239095638229,-0.7673609294049923,-0.04081358260362,-0.0640851011554006,1.6523218355726756,-0.6958030242340186,20.94635756722292,2,0,0,False
MGM,0.1467938216930546,0.4101251217729365,0.4167800597810269,0.4318764001500128,-0.4605916219972205,-0.0382924695764737,-0.0562097340858043,1.4469734934979337,-0.0070282280128042,1.7181918118243824,2,0,0,False
MKC,-0.1010223547495338,0.2253928958691623,-0.5805404077900165,-0.5365069725346423,-0.4288454161871883,-0.0205116738669913,-0.0343063444185859,0.4294849124893468,-0.536859575707505,8.318387802967676,0,3,2,False
MKTX,-0.1967525029176343,0.3550440403476769,-0.5781386941697247,-0.5668519527447484,-0.6521694161452138,-0.0349210463273057,-0.0528063380517198,0.8975330807721583,-0.4638294696813093,4.994451788649702,0,0,0,False
MLM,0.216994778759229,0.2868185496702766,0.652836742068907,0.6758375070225686,-0.3297790455492167,-0.0306440845310267,-0.0380186995227232,1.0820691049271556,0.2222788039624433,1.5913847165737196,1,2,1,False
MMC,0.1874860076821014,0.2008611022478924,0.7065497296068757,0.6741625338042925,-0.1922775601566871,-0.019609894232288,-0.028300715245613,0.8037401509821961,-0.1963783339226952,2.385894038831951,1,2,1,False
MMM,-0.1408075298206103,0.2486555079766057,-0.6863989122203322,-0.6825638809669726,-0.5871358523218921,-0.0247258418446569,-0.03551543187107,0.7392076601669025,0.0206742215406187,4.199116973649879,0,3,2,False
MO,-0.0041230816180022,0.2194769639368413,-0.1352493156127867,-0.1150681969417026,-0.3059925755700902,-0.0198373076455715,-0.0386344406876977,0.4072257795960745,-1.65593117134255,8.57988932805473,3,1,3,False
MOH,0.1881823469344608,0.2848765337594316,0.5713962352128463,0.5783077026005915,-0.2940985293719362,-0.0291715831496355,-0.0390586967835437,0.6207125881649087,0.1484873941338378,1.732688264588051,1,2,1,False
MOS,0.1481036017734891,0.4509881720119523,0.4215658211305164,0.4159817895118067,-0.5942418426103647,-0.0464660188987316,-0.0645688971422184,1.0345833198957388,-0.2435546196699731,1.3962531301793395,2,0,0,False
MPC,0.54249069328132,0.3301009449084974,1.32641640186931,1.3200293065393889,-0.3021557413110426,-0.0341728771244366,-0.044310270117883,0.7837173077390742,-0.1579834694927925,0.4950085643878683,-1,-1,-1,True
MRK,0.1227230703890991,0.2085437815985456,0.4193127910617329,0.4141932543375557,-0.2016788159929313,-0.0177649302554748,-0.0289849381671379,0.2714327693661227,-0.2071510545704069,7.431832014417914,3,1,3,False
MSCI,0.0898678033201854,0.3232489963510687,0.2733635193248213,0.2738265887543964,-0.4385247722728282,-0.031162397476943,-0.0454117683703698,1.3512853594769911,-0.2115538596417868,4.010001353952076,2,2,1,False
MSFT,0.2012194111620271,0.278534585366763,0.6172818348526162,0.6381809210298022,-0.3755646877094809,-0.0270273970461975,-0.0375810114280743,1.2330320536533768,0.0862437477609668,1.6781730139632214,1,2,1,False
MTB,0.0264361100743522,0.3385949684013267,0.0990796572495416,0.0975330511710319,-0.4308552322240217,-0.0346698386778958,-0.0460834188591772,0.957175040849385,-0.2088359337039943,3.3538154505361546,2,1,3,False
MTCH,-0.3773986417026922,0.5049742598250766,-0.7828190198015115,-0.8083641634378977,-0.8379194439696919,-0.0497008254774581,-0.0663435660078192,1.6033897935432395,0.0544672844897473,2.4472996114145817,-1,-1,-1,True
MTD,0.0148309021107548,0.2970171186805306,0.0297704243896293,0.0284725022494427,-0.4347412380398583,-0.0308769773262277,-0.0404081796036663,1.1420018066875797,-0.1124341088194423,1.4475141156567068,2,1,3,False
MU,0.0487448831849748,0.4145303042998914,0.2005312105377796,0.2067259115095357,-0.4979457682826622,-0.0432718611763047,-0.0543005225884066,1.4888842397283033,0.1920883579722044,0.8842726636515978,2,0,0,False
NCLH,-0.0551090848610131,0.609154197186731,0.1297647373835663,0.1343264948208868,-0.6920795016315633,-0.0541525569585169,-0.0852100279633222,1.863726405286953,0.0290165656228765,2.009102754167849,2,0,0,False
NDSN,0.1042206604170621,0.2461531401982175,0.3237338894603357,0.3135706107278959,-0.2782354897107178,-0.0221083351390816,-0.0359855574459039,0.9407554601698612,-1.0473015640588557,10.022547284931742,3,1,3,False
NEE,-0.06501473830709,0.2728912509415665,-0.2922919187684047,-0.2794212946113634,-0.4717223650385604,-0.0251218885860615,-0.0414997379734593,0.7362838683373631,-0.3859207669105405,4.484994524361531,0,3,2,False
NEM,-0.1321161560116454,0.3290133809661674,-0.417575951058766,-0.4340185888128159,-0.6025520955279794,-0.0327884721177237,-0.0459220924573262,0.4510537206691265,-0.005034683871339,3.398773642853574,0,0,0,False
NI,0.0558256158504948,0.2156843132386431,0.127780988065748,0.1226911857582609,-0.2858903265557609,-0.0218090492972009,-0.0309307875226635,0.5022876554059602,-0.2269845012791853,1.9371173238750408,3,1,3,False
NKE,-0.0819596073618639,0.3314964814775799,-0.2433402073750614,-0.2497214014645219,-0.5317446904399752,-0.0313446617509448,-0.046275350227164,1.1967637804116091,0.3305896334895081,8.817429684226852,2,0,0,False
NOC,0.1678422019842946,0.2499220873405027,0.5451831236592855,0.538824546882371,-0.2348591100344256,-0.0216458257321967,-0.0367804545832856,0.3351735372763192,0.0620702541091372,7.507251904691747,3,1,3,False
NRG,0.1259314792842247,0.3407516863263408,0.3742654698834102,0.3420038193676518,-0.3421558164354322,-0.0298112384259945,-0.0489172135142641,0.842471897818638,-1.0620946873471535,9.95228543316824,3,1,3,False
NSC,0.0042065463861087,0.2469188215326178,-0.0616987190167823,-0.0579077585034309,-0.3801686204695844,-0.0249866467703284,-0.0363471323070723,0.8413592126744862,-0.3672949118287176,1.7885799998975451,3,1,3,False
NTAP,0.1084266215427829,0.3034669606408688,0.3257028483645428,0.3320077631002519,-0.3906577293674068,-0.0271840761219419,-0.0407966022733237,1.0131703278453603,0.1526038788000417,9.291996361086204,3,1,3,False
NTRS,-0.030345940070883,0.3131915394282713,-0.1010848725044814,-0.0973655053246064,-0.5280646609788954,-0.0309487634768316,-0.0471281113787891,1.1164111214200314,-0.1314936071722005,4.784579737793639,2,1,3,False
NUE,0.4946662907251289,0.4080098570381448,1.0664068156236046,1.083041817599481,-0.4111851472179509,-0.0376825297406104,-0.0566750402408304,1.1853752257379857,-0.1070204932595213,1.6893998859591446,1,2,1,False
NVDA,0.561655246285492,0.5298498900170466,1.0076274939627787,1.084389817775419,-0.6635710005991612,-0.0488404653808036,-0.0653686930939346,2.130627787110629,0.7061535794735696,4.231549238356928,-1,-1,-1,True
NVR,0.2024066544136882,0.2881189416472096,0.6095955519079455,0.6083731166678337,-0.3841589574666951,-0.0299429180175036,-0.0411145620757246,1.0336904763725685,0.0824148394513081,2.324424260692479,1,2,1,False
NWS,0.1280035114936133,0.3108671474249519,0.3825121478354122,0.3883073937831192,-0.4115606936416185,-0.0272563507572055,-0.0421556550957841,1.0458744841694052,-0.3944927325017471,4.429932316692336,1,1,3,False
NWSA,0.1064091166309788,0.3074678935361323,0.3203504255652375,0.3235270870829185,-0.4591172214182344,-0.0271374254940852,-0.0413403798434662,1.0492255989404586,-0.3428542641629013,3.963339911163995,3,1,3,False
O,-0.0138609654928668,0.2002256190698143,-0.2191471394079757,-0.2079163875528848,-0.3831576137728547,-0.0202319747430566,-0.028709862698206,0.5940984101870128,-0.2532307086178117,1.2191294079461588,0,3,2,False
OKE,0.194170972912127,0.2369366513867995,0.6552296007728279,0.6715891400616497,-0.1782178217821782,-0.0219744541944142,-0.0322932198116108,0.507081329295296,0.5421291795465256,7.713658586106479,1,2,1,False
ORCL,0.1838029532100185,0.2997826090647917,0.5457399104948438,0.5464043254833852,-0.4108055957549446,-0.0260047192274386,-0.0423865104080242,0.893173184697754,-0.0008848850500329,13.26368205931811,1,2,1,False
ORLY,0.2811477176773762,0.2366260898017384,0.9548239743939804,0.86932216325674,-0.230288364589635,-0.0211452099356444,-0.0346781435106837,0.5694983225831537,-1.1231805981308536,8.363980449842673,1,2,1,False
OTIS,0.1097501101104054,0.2250600709903584,0.352455102041583,0.3571496477411921,-0.3092995561329437,-0.0230673896624372,-0.0304634600201904,0.8409136185452052,0.1318538155332692,1.6034091373469646,3,1,3,False
OXY,0.5107329643521163,0.4881439148268367,0.9835491036142712,1.1206971164876436,-0.3330294743239136,-0.0434933017003291,-0.0612817162713225,0.893718312075654,0.6044644368785755,2.6567930201041148,1,2,1,False
PAYC,-0.2164167535023143,0.4850649156050679,-0.3431006233065645,-0.3020325253670672,-0.7276178081448945,-0.0434767094543824,-0.0693699800718825,1.612294760876586,-2.791795903396774,35.354091627443815,-1,-1,-1,True
PAYX,0.0970806205503036,0.2350755447126106,0.2987740710410038,0.2934310508597644,-0.2570275437230049,-0.0226076734026487,-0.0338750554185968,0.9542612459706205,-0.1903985704957369,2.0266179256108665,3,1,3,False
PCAR,0.2015738342787054,0.2499527862278908,0.6583782062874871,0.682995599197025,-0.2091867469879519,-0.0251682115576422,-0.0320305773985456,0.801675747970022,0.515473002979065,3.712243730259383,1,2,1,False
PEP,0.056252450630283,0.1644102022948407,0.1108615565770212,0.1052487378565324,-0.1939628798694676,-0.0168718044101639,-0.0240444995903868,0.4639603344495358,-0.4693875536229938,3.0845683463165705,3,1,3,False
PFG,0.1776825767288303,0.2884777675401533,0.5372906209099412,0.5430145436851693,-0.3109473684210527,-0.0298097186436476,-0.0406859164664894,1.065465781973054,0.0225677508508468,1.6975952757351371,1,2,1,False
PG,0.0207898976068698,0.1752386653660511,-0.0801930179939327,-0.0755058066051796,-0.2463309177273004,-0.0173706788436903,-0.0255874996419388,0.4401736771494383,-0.4475974167378712,3.2236154138154887,3,3,2,False
PGR,0.1804468492144295,0.2568390925403155,0.5798852427583862,0.5684861119838837,-0.2296644295302013,-0.0219124854842973,-0.0370024818800351,0.5000774929137513,-0.4827639687920397,8.714981349375238,1,1,3,False
PH,0.2022480585061932,0.2834508409200817,0.6143961988435526,0.632865032276152,-0.2923053892215568,-0.027568901530645,-0.038934091462939,1.118498504686645,0.1241604354872954,1.893869121239255,1,2,1,False
PHM,0.3497454551672279,0.3632200234031987,0.869036964226448,0.8627453353109445,-0.4186046511627907,-0.0375339069006973,-0.0517652361075787,1.2976594359595353,0.042692554787265,2.350365838600025,1,2,1,False
PLD,0.116229515717497,0.2739588500838864,0.35554208718891,0.344664148090921,-0.4374891624761574,-0.026908113145583,-0.0393810048093659,1.0072278481271637,-0.086875091947239,2.428281538792039,3,1,3,False
PM,0.0493218132060255,0.2032969145365585,0.092749071377628,0.0847276885974229,-0.2581769436997319,-0.0216058062646966,-0.0322743733650274,0.4716744786432598,-0.6176015919314697,2.6475926144263338,3,1,3,False
PNC,0.0126584013836368,0.2946375137670355,0.0200910625110826,0.0200176182774771,-0.5155221903289909,-0.0289014760909199,-0.0391873555718293,1.030856738915736,0.0232352222659829,0.9226949022194316,2,1,3,False
PNR,0.1224154133990962,0.2902488046833153,0.3694971258602068,0.3756481539579396,-0.5141967621419676,-0.029246027359822,-0.0374874736332613,1.12637797733351,0.4699450387315321,3.1583634484723544,1,1,3,False
PNW,-0.0317325968361704,0.2276623949641001,-0.2471831271432606,-0.2407569590862104,-0.3218338629142079,-0.023163332774672,-0.032892543548346,0.4518677713807328,-0.1960203326105826,2.2744085093452955,0,3,2,False
POOL,0.0378637502838636,0.3460810560343607,0.1354986594965611,0.1349943046965704,-0.5086614173228347,-0.0348876611942252,-0.0476428602892316,1.2105291987172324,0.1100212086084511,2.6063850955701766,2,0,0,False
PPG,0.0191904870357646,0.2829939884115465,0.0315605628509968,0.0317278283916688,-0.4054187462293644,-0.0276434461646801,-0.0384576587112566,1.0645040862552968,0.152332177834589,2.425888826361892,3,1,3,False
PPL,-0.0058713524296157,0.1987022552013642,-0.1816773928416557,-0.1730203069647164,-0.2704626334519572,-0.0202988736223806,-0.0294918033650184,0.5547137391602364,-0.37486679502566,2.801426526229072,3,3,2,False
PRU,0.1079410539557539,0.2662749915732484,0.3300209617480611,0.3273888869755323,-0.3637337287856318,-0.0278847896225876,-0.0367754528971278,0.9828376472015564,-0.101155615835858,0.9421620698579668,3,1,3,False
PSA,0.1154578414408968,0.2392579013197234,0.3672532326039523,0.3614803608536401,-0.4332221957608954,-0.0234459359196136,-0.0339342380528925,0.6547920298610942,-0.3131385610107264,2.672247093500838,3,1,3,False
PSX,0.2413577869494747,0.3479602476080497,0.6515448250270977,0.6483068847524089,-0.3273469387755102,-0.0347717131951275,-0.0492169817604403,0.7077262413156662,-0.1882338928577863,0.6096692091137643,1,2,1,False
PTC,0.1406445159625164,0.3385355098089369,0.407970652242963,0.4362888881758155,-0.3606654004846421,-0.0315285051847332,-0.045735941065047,1.2043618269414411,0.8925345673805847,9.11584977305652,1,2,1,False
PWR,0.4712366900784361,0.3315981996304614,1.1779230568980208,1.2697867241244396,-0.2483518553399887,-0.0300318267304662,-0.0426008793239696,1.0810919228652751,0.4558878972974379,3.816520530746898,1,2,1,False
QCOM,-0.0088175209426264,0.3806685966151744,0.0353795955533592,0.0355458299578953,-0.4557269653423499,-0.0386485760636403,-0.0543949921494487,1.510719866891937,0.1030216168813013,2.207208054988245,2,0,0,False
QQQ,0.0986993622428882,0.2376172417222713,0.3041959234710356,0.298184970185667,-0.3561721824797643,-0.025123326826693,-0.0335336084424293,1.2598648107071595,-0.10066574654322,1.2774226507028694,3,1,3,False
QRVO,-0.1195244770791356,0.3882115107870891,-0.2616795279025321,-0.2572587573702396,-0.6073970131301994,-0.0388798419861064,-0.0539922977181249,1.5099780808690002,-0.1510813327209396,2.219444196631095,2,0,0,False
RCL,0.2249191259051264,0.5228634363827827,0.552661214093444,0.5824196357281012,-0.6774592699525676,-0.0483723436347182,-0.0720909010870628,1.625054895929981,0.1752267430688535,2.763831757048385,2,0,0,False
REG,0.1491064331312024,0.2576564439779878,0.4735339617344593,0.4842867381844638,-0.3221166195735936,-0.0239829338222532,-0.0332262411047335,0.9121639497113976,0.0951865146537856,0.9623790119506976,1,2,1,False
REGN,0.2222002851276758,0.2824661670258297,0.6721179115110891,0.7239171166845701,-0.2578230740079043,-0.0246464786405755,-0.0375101474584507,0.5950815337095647,1.3258071481052067,17.887984184727845,1,2,1,False
RHI,0.1295086148049224,0.2946127037203699,0.3911076201572573,0.3780665602939672,-0.4778768168312857,-0.0297849422514438,-0.0417210503457705,1.0255549932003876,-0.3257666888564952,1.9148734415786195,1,1,3,False
RJF,0.389786479739534,0.4176323522323094,0.8502648488071416,1.1927953560134414,-0.3268269075657364,-0.0292633631756213,-0.0415932963841626,1.1394618216148156,9.979479122477498,196.76553304147063,-1,-1,-1,True
RL,0.1256213564931381,0.367310023423572,0.3702314176046433,0.3609624951910702,-0.3987396161558292,-0.0346275082041755,-0.0524711254668456,1.237140545969717,-0.3166152456381567,2.005887609353549,1,2,1,False
RMD,-0.0679556955121304,0.3033654623372326,-0.2415658485368727,-0.211281157590337,-0.5471818670971214,-0.0298431048439459,-0.0471769913717682,0.8795809658912906,-1.5652052516092956,13.153953033098272,2,1,3,False
ROK,0.0805138965422878,0.2949112248607846,0.2414376092979059,0.2300187635961222,-0.4561263697168066,-0.0296190302995903,-0.0428878701123305,1.0924092045104834,-0.6358814516137687,6.715522362016268,3,1,3,False
ROL,0.0455406260324962,0.2643435252048292,0.1119406119429916,0.1052656194429736,-0.3020958805107203,-0.0244376734184239,-0.0391701833220859,0.6652189337217109,-0.4186340557617511,7.461166599523272,3,1,3,False
ROP,0.0918201159010378,0.2068596840258395,0.2861327921870724,0.2808481170101177,-0.2784543466484762,-0.0210810661041314,-0.0295476850275172,0.7667421185478558,-0.2063860320857701,2.291829416649348,3,1,3,False
ROST,0.0577178147591241,0.3346018799284909,0.1888429130678448,0.1822901177189985,-0.4717960288808664,-0.0307308688720606,-0.0447774512956815,1.0839135736388084,-1.1927013375546234,18.39119849171415,2,1,3,False
RTX,0.0717761834493433,0.2423120330772754,0.2009109648973846,0.201686189016383,-0.3390492521672859,-0.0214475770206091,-0.0337856693364031,0.7006517780054633,-0.2845612044815163,4.696329514209998,3,1,3,False
SBAC,-0.0274367391365177,0.2850939975676451,-0.1303550446537018,-0.1253310759937508,-0.5130327489589224,-0.0290682296900329,-0.0392705846937736,0.8284347754285852,-0.0484277097354772,1.2282365432733342,3,1,3,False
SBNY,-0.774608137539936,4.112265126093905,1.2406423045216692,2.2911978543508584,-0.9999940054495912,-0.1361993243243242,-0.359535218307132,2.064827814684407,8.682303749276588,129.51798670051588,-1,-1,-1,True
SBUX,-0.0236129635107467,0.2767996440182605,-0.1290555491753268,-0.1325087411817073,-0.4455021418372203,-0.0258252527128501,-0.0402422551126555,1.0263275104600331,0.3337423347508964,5.219491451697154,3,1,3,False
SCHD,0.064241628775995,0.1538341675231786,0.1562286078208387,0.1510196783470088,-0.1893079458073965,-0.0159968906275949,-0.0209932077082287,0.7530906837812231,-0.0308831377409111,1.0233379479528175,3,1,3,False
SCHW,0.0931155519949122,0.3660114066823823,0.290012901324641,0.2926871968170341,-0.5041348267559929,-0.0328356919795836,-0.0509428362006643,1.0809673369017276,-0.1914533432040907,4.696400784172392,2,0,0,False
SEDG,-0.3317629729680782,0.6563502398446437,-0.3575710538227408,-0.3611410398496071,-0.8090570955393261,-0.0588797263717392,-0.0921225541602624,1.7363448150639051,-0.157259391712647,5.230647909129846,-1,-1,-1,True
SEE,-0.0676362225841749,0.3166097582029986,-0.2199284170573901,-0.2055638949397691,-0.592703434516175,-0.0297729920462244,-0.0469599258895821,1.003987890476147,-0.3151772924979134,3.66768368395099,2,0,0,False
SHW,0.0901029272267976,0.2725328315288992,0.2692349894574163,0.2669788872343249,-0.4286119945479328,-0.0244908170835405,-0.0386078093667324,0.8740063424597148,-0.1420704907867875,3.755190283144739,3,1,3,False
SHY,-0.0171791374684335,0.021851131110858,-3.069607212018272,-3.122794278574852,-0.0681712962962963,-0.0022045045703417,-0.0032456908219032,0.0143607185264768,0.6933095195639276,6.150644162773661,-1,-1,-1,True
SJM,0.0302652302761461,0.2158783281980814,0.0151270461851178,0.0144869168713117,-0.3345224183529122,-0.0189646561459286,-0.0302728507749247,0.1983450896646613,-0.8804618597565069,7.51807713726911,3,3,2,False
SLB,0.3358022795581823,0.420339962702126,0.7793414165039453,0.8094928250005509,-0.3679644946540246,-0.0419321319754477,-0.0546759383733808,0.7993669634351785,0.0371599682501635,0.9757744464679584,1,2,1,False
SLV,-0.0496349891308397,0.2737935716633826,-0.2319973490293422,-0.2416811304532878,-0.3878923766816144,-0.0261404818565007,-0.0367146299288496,0.4048667655200032,0.2850005610138719,2.779554659769392,0,3,2,False
SMH,0.1702543240972229,0.3418225988001697,0.4837023667080328,0.4989272454289189,-0.4529946929492039,-0.0351108991233366,-0.0451869318582972,1.587618897989973,0.1567192964701864,0.8742241356162883,1,0,0,False
SNA,0.2019185281031219,0.2450353873409629,0.6684957320954141,0.6811993870689884,-0.2496479424190267,-0.0237529705858557,-0.0335256080277135,0.7938475843446251,-0.0195731866949251,2.5420997525141025,1,2,1,False
SNPS,0.2662877637376655,0.3422619986921909,0.7133716029960017,0.7404178589687422,-0.3055459410527437,-0.0363718754275532,-0.045433284146704,1.3825566357410433,0.3836475260969897,2.2277307570746925,1,2,1,False
SO,0.0574637397529265,0.1936044429327903,0.126896513284592,0.1263059308080769,-0.2327844311377245,-0.0197251427813883,-0.0273496543512209,0.4410621430624084,-0.1400417888529409,1.0209831873110278,3,1,3,False
SOXX,0.1522309728331776,0.3469995815207613,0.4369758549303041,0.4440349331486592,-0.4624480319637168,-0.0358536622067701,-0.0459401567965846,1.6207719727882828,0.1229816590781983,0.734603222637209,2,0,0,False
SPG,0.2000723954772558,0.3022748048899893,0.588535588441437,0.5903488671613322,-0.487624633431085,-0.0313883423303825,-0.0418478680831411,1.0757849654241762,-0.0001031948658628,0.9125192827948828,1,2,1,False
SPGI,0.098117707378416,0.2494192199448191,0.2989176825514443,0.2966826002704683,-0.4015909138359396,-0.0237648038763158,-0.0338716437654056,1.004269555453161,0.1479629054783832,3.5164785088715305,3,1,3,False
SPY,0.08883052202233,0.1766602802198775,0.2866648688182286,0.2813304370368115,-0.2536057440706704,-0.0177226747188605,-0.0253211423746129,1.0000000000000002,-0.1450144948754191,1.6090922866649442,3,1,3,False
SRE,0.0652146440990981,0.211476553618691,0.1678370359670374,0.1615792574741812,-0.2568598428782876,-0.0236080721804176,-0.0305019478953618,0.5763290500158921,-0.1719294582733029,0.9029198119873514,3,1,3,False
STE,0.0529735946216671,0.2754412376115944,0.1442692501340507,0.1340581919733591,-0.3645421477146923,-0.0278905225436548,-0.0414868621489636,0.8804797492680839,-0.5641400728708278,4.865166052336086,3,1,3,False
STT,0.0236284762812961,0.3433781272382343,0.0947531909680709,0.0910297065320756,-0.4233400790209116,-0.0346235367877372,-0.050915185693777,1.2436259013955109,-0.3166444238905478,2.995240710366836,2,1,3,False
STZ,0.0373065695987429,0.2122354564984212,0.0435940829439248,0.041273864234968,-0.2006129094043287,-0.0193808266375183,-0.0317025482796004,0.6169504730531489,-0.7569634091706975,5.180238760468436,3,1,3,False
SWKS,-0.0936530195140142,0.3718110677492189,-0.2132200163040146,-0.215577059367138,-0.6024241210057097,-0.037657047141512,-0.052242703227301,1.5092655535680124,0.1606408321307687,2.123399268567893,2,0,0,False
SYK,0.0785421980619767,0.2557983176418476,0.2275763338413221,0.2283728204602709,-0.3242529187047019,-0.0257019590135287,-0.0362430556259585,0.979781405878019,0.0688565461199372,3.0987862928416106,3,1,3,False
SYY,0.0037892080280399,0.247149140530243,-0.0635793770265917,-0.065658444273605,-0.3014263427679964,-0.0248746487962553,-0.0346167604551533,0.7907253746246045,0.024989383717628,2.610791003786552,3,1,3,False
TAP,0.1033764686456275,0.27268767000346,0.31390773049471,0.313387779371375,-0.2858083635166282,-0.0273250895988376,-0.0387601496532214,0.5153017694778502,-0.3407448398546607,3.97363093130232,3,1,3,False
TDG,0.199809912301156,0.2942581832108836,0.595616729623532,0.5914591533285196,-0.2557226277372263,-0.0283635874779969,-0.0406034926083326,1.1133082811103057,0.0821478515952617,3.145415365225999,1,2,1,False
TDY,0.0723433058977278,0.2491598874857538,0.2040669151355965,0.1966868945495397,-0.3223911753269344,-0.024524364559423,-0.0346393822256786,0.9412945734342586,-0.1511228590362585,1.378308124730386,3,1,3,False
TECH,-0.0064368340308917,0.3554122568323671,0.0181651574480872,0.0185508643923106,-0.6078533254156769,-0.0345741692077304,-0.0464045412426672,1.200711488631476,0.2242000782933592,1.2286336554786614,2,0,0,False
TEL,0.0534392862319974,0.2676924058901664,0.1414550927060703,0.1404206581737615,-0.3524841915085818,-0.0268415393096454,-0.0371551762190167,1.2042775425848151,-0.1437686524600724,1.2317909023580014,3,1,3,False
TER,-0.0309656572280211,0.4337318865650143,0.0317652863301302,0.0314977394698188,-0.5765899383009018,-0.0432139615900526,-0.0600957721275415,1.7103885653544233,-0.5497901924449613,6.356432286119601,2,0,0,False
TFC,-0.0789542172312335,0.35094764466386,-0.1996583677488275,-0.192630675641805,-0.6111852840824803,-0.0340437575531885,-0.0495693704864075,1.145219518393387,-0.5030196828928718,5.556708165807564,2,0,0,False
TFX,-0.148826990178972,0.3093382802808395,-0.5269262847138582,-0.5043274818270639,-0.595831925199955,-0.0304550763993591,-0.045040104446048,0.9298699899264682,-0.1463734697183858,3.673725576023512,0,0,0,False
TGT,-0.071418584055252,0.3487671639173723,-0.1762866476436287,-0.1662511271956131,-0.6058035211531965,-0.0321990766588597,-0.0487018969594714,1.055367371668632,-1.4252006675691888,29.093404005290594,2,1,3,False
TIP,-0.0563697830157614,0.075364671635318,-1.3949018429788855,-1.371800102559327,-0.2196240256762953,-0.0078390657981552,-0.0110067816984974,0.0908691468339654,-0.035227094829916,2.15405319891743,0,3,2,False
TLT,-0.1446288464556635,0.1773228851811781,-1.0734052003616033,-1.0762170822854389,-0.4746096229529008,-0.0184789862414265,-0.0232081983671943,0.0514479109699198,0.1408240187313877,0.1370824733592659,0,3,2,False
TMO,0.0402901099659804,0.2661077143343919,0.0930291239847273,0.0942578534291281,-0.3534410407049936,-0.0250962927067318,-0.0367151233340787,0.9045882063841066,0.2099573066334925,1.8503332939975652,3,1,3,False
TMUS,0.0662221100056201,0.2442191680087505,0.1792239835987115,0.1855243619315435,-0.3198581085603373,-0.0229214964550733,-0.0343884925035023,0.664672003680892,0.3253488028546248,4.661519103342704,3,1,3,False
TPR,0.0404016982295998,0.4081433666001871,0.1784344839723946,0.1806682295404507,-0.4600977198697068,-0.0383423528363244,-0.0542548203533692,1.3032019596498865,0.0562739640285629,4.432710363333165,2,0,0,False
TRMB,-0.0711252690266861,0.3455749841002516,-0.1842191145237523,-0.1815213715552855,-0.5735478478896783,-0.0331620683421741,-0.0490202506679025,1.450922056937363,-0.3820171271013195,2.924695167627244,2,0,0,False
TROW,-0.1005203520100904,0.3305411296469704,-0.3073821746663803,-0.3106835001477759,-0.6051726448385224,-0.0327694034382052,-0.0455039690431473,1.4520032877452895,0.5753465816192989,5.664705416931071,2,0,0,False
TRV,0.1206124631216676,0.2174272830665383,0.4019684849071945,0.3990139004801181,-0.1978695073235686,-0.0220480484371034,-0.0293734432322847,0.5317066862686889,0.0188350102950833,1.3218462452271704,3,1,3,False
TSLA,0.0071464581184699,0.5889208276775995,0.221012035517482,0.2194463311000495,-0.7363221699148718,-0.0629276540557646,-0.0814561469261058,1.86580437636594,0.1186914965544216,1.7523964024975809,2,0,0,False
TSN,-0.0543755978625407,0.2560748890293716,-0.2837328799403692,-0.2720656931324594,-0.5441517812090019,-0.0227832571379163,-0.0363287816799574,0.5090129214910843,-0.9860520684707368,20.51095097876374,0,1,3,False
TT,0.1933728802358829,0.2710785701050437,0.6023504122992384,0.598355237594424,-0.4143590240123935,-0.0272788189495036,-0.0377151037175616,1.0085169940584306,0.2463092569123383,4.121970121111698,1,2,1,False
TTWO,-0.0731326898709706,0.3476218540223827,-0.1877698089320053,-0.1859857686247298,-0.5614043311146527,-0.0328840766545475,-0.0497394260039976,0.9037228357993212,-0.1381371566550827,6.222326475163248,2,0,0,False
TXN,0.0167569613532263,0.2769832941892924,0.0178244290724086,0.0178097258400627,-0.3020020865418053,-0.0280777768974093,-0.0377258298341575,1.1689264249117384,-0.0308498710156588,0.72172124337306,3,1,3,False
TXT,0.2027396970623745,0.2891790538459263,0.6091071525258591,0.6230636679148888,-0.2596805111821086,-0.0264472422897083,-0.0380283125215202,1.1235883254718126,0.249154123747897,3.3950338595917238,1,2,1,False
UAL,-0.0029898181116605,0.4580426561493338,0.1139484139953059,0.1137532527986342,-0.500400320256205,-0.0434200412223275,-0.0652688566319459,1.374684187715958,-0.129182551675794,2.098124649501021,2,0,0,False
UDR,0.0129399218335344,0.2443505761919298,-0.0300774952487163,-0.0297592440231405,-0.4833031748642868,-0.0251459466899857,-0.0337191994109995,0.805059221275025,0.0620772429416728,1.7045992199911582,3,1,3,False
UHS,0.0408678833540965,0.3110403039743302,0.1241678436956224,0.120132763740131,-0.4533059394844976,-0.0280465049805072,-0.0453515371547871,0.9268909956876966,-0.3339843064965034,7.699911085344373,3,1,3,False
UNG,-0.1884785752881514,0.6323712718963733,-0.0913084209013251,-0.0882331067691924,-0.8662326131991713,-0.066874518695987,-0.0884608162840075,0.5358304211030891,-0.1212755097848714,0.6396635028686983,-1,-1,-1,True
UNH,0.147298518631284,0.2171310309663862,0.5104167607670088,0.5154241373590117,-0.1934612266954876,-0.0217970135785573,-0.0292123762802489,0.5340973664733929,0.177973751365237,2.761538955952076,3,1,3,False
UNP,0.065989831657085,0.235691165473607,0.1759104590717869,0.1786320143220834,-0.3287795005240522,-0.0231056037654721,-0.0317511457386887,0.7598932683331652,0.5384270117736659,5.64008775975331,3,1,3,False
URI,0.359220397052691,0.3843969825785863,0.859822279185817,0.8881867739378222,-0.3995773823162504,-0.0368145427478061,-0.0502818283852401,1.4232003849354335,0.0470639640935969,0.6968759368540507,1,2,1,False
USB,-0.0210910734499419,0.3246422926758179,-0.0570383594838794,-0.0567314079881849,-0.5465612648221344,-0.0322835582446717,-0.0469171607566913,0.9804648649576104,-0.1415735957166564,2.8243884042457936,2,1,3,False
USO,0.2739592755799502,0.3581235484990855,0.7166377295508966,0.65718823689227,-0.3623219915208174,-0.0370011796408334,-0.0526984308843986,0.3615495791507246,-0.5919259838868548,2.244402813210747,1,2,1,False
V,0.0617447271936604,0.2439130152695736,0.1619509730175352,0.1643816800947118,-0.2920336348782529,-0.0252026651013634,-0.0349369536758417,0.9500370165309292,0.2863906557638626,4.550911398637952,3,1,3,False
VEA,0.0029582079249008,0.1694886476461125,-0.1930511682602393,-0.1916690357277994,-0.3226651693804979,-0.0166106643140195,-0.0228758578546677,0.804236989005834,0.1742765969861256,1.6905006030353005,3,3,2,False
VFC,-0.3974122476519273,0.4427560440698356,-1.0337521924968962,-0.9886219111008752,-0.8545252637423654,-0.0480627772588126,-0.0650963639622899,1.2192757750377572,0.2340656533035255,4.2952517340628855,-1,-1,-1,True
VIXY,-0.6301541890993809,0.6760036790212217,-1.2126591454752012,-1.4649270138006012,-0.9553468208092486,-0.059773318330514,-0.077050975596259,-2.862523277081559,1.2282538748367202,3.827326176397624,-1,-1,-1,True
VLO,0.3285507002728078,0.3885792422818821,0.7965457397332009,0.8013802394290652,-0.3252688172043011,-0.0376390820507238,-0.0534315818955188,0.7101119105668112,-0.1314390290850806,0.6268225351911059,1,2,1,False
VMC,0.1581521552823412,0.2717022254087119,0.4914264837465496,0.4981635692328755,-0.3281242578254881,-0.0280082825397371,-0.03719099709275,0.999013670019648,0.1821136405068116,1.795290178920538,1,2,1,False
VNQ,0.024658885267156,0.2025195717618119,-0.0256759483181298,-0.0257983902610304,-0.3875527971726575,-0.0217437851235897,-0.0280626706626665,0.8649015761597386,0.1359275832442075,2.3360183553480858,3,1,3,False
VOO,0.0887016087992191,0.1750863943207689,0.2869941778143944,0.2813869262108018,-0.254092202618099,-0.0176932448829841,-0.0253200325815329,0.9890377851614188,-0.1596036349800016,1.679255168628759,3,1,3,False
VRSK,0.0562852780239231,0.2360076951672087,0.138561109508995,0.1278856550944376,-0.3121332000173891,-0.0228471099410284,-0.0345768324640615,0.7808899339970499,-0.5703132451195847,5.357565862258278,3,1,3,False
VRSN,-0.0121109572610246,0.2558059780636187,-0.1139654553345558,-0.1067312912101961,-0.3884655960614231,-0.0251415581018574,-0.0381969919374541,0.9709984576528738,-0.829785834910483,10.387638991891096,3,1,3,False
VRTX,0.2118709511003251,0.2774058180992842,0.6502959175798771,0.6566603922795261,-0.2664622270108989,-0.0229543804068661,-0.038998373582159,0.5981258279265913,0.2951028795255031,9.122487140546994,1,2,1,False
VTI,0.073754810804373,0.1819486933917899,0.2069626514100791,0.2018849067921714,-0.2620488126106103,-0.0191313265281187,-0.0261025708424912,1.0214547140592458,-0.1417354821193035,1.4934612990989895,3,1,3,False
VTR,0.0207477135489966,0.276759894682508,0.0317550783093293,0.0316906469034615,-0.4336895034569453,-0.0284867153047791,-0.0377377416506945,0.7673066443511067,-0.0264440368276607,1.019791325721923,3,1,3,False
VWO,-0.0657547368675124,0.1848134875337503,-0.5460989009548389,-0.5500543927917835,-0.3747565940874491,-0.0190471307549489,-0.0246285683536501,0.6822239897069587,0.3289367754325678,2.8168716895862773,0,3,2,False
VXX,-0.6262885745713049,0.6439258464967966,-1.2878619555047706,-1.4912210955863765,-0.9541034155597722,-0.0574117809721174,-0.0768200877933777,-2.5095759057649096,1.1727597675512398,4.7692298621176175,-1,-1,-1,True
VYM,0.0733139651322465,0.1470332095549116,0.2142324583026328,0.2103686023313724,-0.175028258412312,-0.0156284792025461,-0.0205548265410707,0.7192764673731049,-0.1052090267768621,1.097287008758053,3,1,3,False
VZ,-0.1387444563993632,0.2068188432301986,-0.8597449790684234,-0.8226384209841587,-0.4847110215053763,-0.021200976162891,-0.031558827186965,0.3608229850573918,0.0463032263409548,7.055108047898154,0,3,2,False
WAB,0.2057089039230675,0.272316526380606,0.6387734813676683,0.6781742155639353,-0.1909017875075317,-0.0272131318197331,-0.0363072715271374,0.9996027212434082,0.1083995105831481,2.0462412603669216,1,2,1,False
WAT,0.0965104717603575,0.2932263326716081,0.2896924736949403,0.2969011965525688,-0.442665410878267,-0.0297708923739769,-0.0402118781685932,0.9620398950790424,0.1290373606960641,2.1580556240708018,3,1,3,False
WDC,0.0009341058324887,0.4298743314981665,0.0995217157772169,0.1031892187402218,-0.6084719602126565,-0.0380539755432923,-0.0563993539287908,1.3862412911118929,0.3316801111529549,2.3950343243545498,2,0,0,False
WEC,-0.0235924638690556,0.2087572708772035,-0.2494421259509055,-0.247928950719402,-0.2886036202438123,-0.0212466419712676,-0.0292267305221983,0.3996191763556332,-0.0699638569711154,0.7314520024607427,0,3,2,False
WELL,0.1363244624389317,0.2648081217831967,0.4257995941191712,0.4219721054250558,-0.4164377987997152,-0.0254179099493481,-0.0361943940106824,0.7180665497648754,-0.0628624168407089,1.390188841237379,3,1,3,False
WHR,-0.1177282107141872,0.338900173651036,-0.3457068363944565,-0.3252176870943841,-0.5963629175726428,-0.0337638073859028,-0.0480224227061391,1.1161200329388186,-0.6006414702505709,4.57135223815704,2,0,0,False
WM,0.1607684190613436,0.1817605472069071,0.6353458999453535,0.6391961629557398,-0.1709401709401709,-0.0160011273845911,-0.0251373291714852,0.4642345919624082,0.0484044740043294,2.421455920139867,3,1,3,False
WMB,0.2024834453350441,0.2435403031235768,0.673206060815126,0.6529216488389425,-0.2517186673717609,-0.0232720935204721,-0.0336884347099313,0.6313990780341268,-0.1799074705314358,0.9232312069756664,1,2,1,False
WMT,0.024860413071144,0.2029734026024191,-0.0225522801199355,-0.0200782004449979,-0.2600863201351098,-0.0184829076527109,-0.0309003668576295,0.4404637229127621,-1.6503000553872271,14.221983245703164,3,1,3,False
WRB,0.1789686468477709,0.2273804877429872,0.6177364134540252,0.5976127757216106,-0.2700098328416913,-0.0211713351052954,-0.0314916864851919,0.5759933337833765,-0.4029415236884806,3.15638972991206,1,1,3,False
WST,0.0727882509304378,0.3286067320639509,0.2261110748775286,0.2162193752492474,-0.5558620104383248,-0.0324160038696197,-0.0490156448101976,1.063164713185254,-0.1314924062658811,6.431890380719622,2,0,0,False
WY,0.0196510004772378,0.2783270855942422,0.0291429548973282,0.0290435314146627,-0.3481324876673713,-0.0278027881303076,-0.0381345558849818,1.0435727506170018,0.0673413225838177,1.761255644722305,3,1,3,False
WYNN,-0.052194186978041,0.4501404645763885,-0.0061939675276607,-0.0064554374247014,-0.6284285714285713,-0.0414794412116594,-0.060861901941368,1.2830260552141814,0.3152959262885993,2.6862342803500945,2,0,0,False
XBI,-0.1419690606568246,0.3635753646040985,-0.3765782665098662,-0.375678426195271,-0.6390022415081327,-0.0371578168982598,-0.0480391986516791,1.2438255001642555,0.0545155022781352,0.2037972436967652,2,0,0,False
XEL,-0.0195309859602219,0.2066001635497941,-0.2341668365268263,-0.2307959693415671,-0.2891099341170391,-0.0215553868142464,-0.0288923809630893,0.4685587674830742,-0.0425773526393338,0.9378690560503856,0,3,2,False
XHB,0.1912567275695567,0.277655929748722,0.5884854720178385,0.5842911820165633,-0.3968934739770487,-0.0285271891357753,-0.0386393890977208,1.2336217282826232,0.020130616924416,2.0851540225408534,1,2,1,False
XLB,0.0609829333776588,0.201263360718631,0.1458976805043654,0.1455217483605077,-0.2571176340763629,-0.0199754461002602,-0.0267132581814694,0.9285913897010964,0.0739059491590358,0.7935156026319539,3,1,3,False
XLC,0.0302624911161553,0.231865248828753,0.0287247037398445,0.028028704134377,-0.4722835560720511,-0.0243646525488596,-0.0334806895537297,1.115220834417668,-0.0734659993170076,2.0014438477182748,3,1,3,False
XLE,0.3044257322603618,0.2969586366307941,0.8748742207875584,0.8581077793128832,-0.2687472908539228,-0.0295098039215686,-0.0398413286070433,0.7199074695102572,-0.2332124869651575,0.5639370935929491,1,2,1,False
XLF,0.0900047216565824,0.2017398315207852,0.2797765849053482,0.2809641803426378,-0.2687107677450507,-0.0205565772507239,-0.0279221443411413,0.9277640564021308,-0.0076561866340106,0.8740919964519303,3,1,3,False
XLI,0.0973608842250455,0.176682737960314,0.3307239504097287,0.3270984451596788,-0.2266616878267363,-0.0184409640695596,-0.0237677466724278,0.859746854525847,-0.0452386535566028,0.6736997269738327,3,1,3,False
XLK,0.1469340736962991,0.244976528059176,0.4773903813324902,0.4846084747083166,-0.3402015170383787,-0.0250857467566042,-0.0330658156273727,1.2896567011975506,0.0677715741112795,1.3383692813455288,1,2,1,False
XLP,0.0260168803228795,0.136253713491146,-0.1103058437747825,-0.103147023443913,-0.1781059947871415,-0.0137726292906301,-0.019844441190208,0.5112186743266691,-0.679238835644895,4.706080190995019,3,3,2,False
XLRE,0.0425474863550809,0.206780182801941,0.0627035107619509,0.0612893964124205,-0.3786913723219456,-0.0221147709079598,-0.0287304951019139,0.8490589701229573,0.1204308512182419,2.349311388668092,3,1,3,False
XLU,0.012038229913126,0.1816795570780532,-0.1185681912030115,-0.113862650992062,-0.2805939580133129,-0.0190586430434053,-0.0255140290176601,0.5411464185713282,-0.146783126583313,1.2882561523416745,3,3,2,False
XLV,0.0652641010109436,0.1451840962312023,0.1633209420597018,0.158172827518547,-0.1606105159980397,-0.0144183404837189,-0.0199664025659279,0.6229977966925403,-0.1973684174410108,0.758190783204383,3,1,3,False
XLY,0.0392678023124528,0.2524402895463665,0.0807837294510289,0.0752137830948797,-0.4028001135181155,-0.0262077666085633,-0.0367018922859225,1.2638438113629589,-0.2381922106769644,1.3422862888303349,3,1,3,False
XME,0.2129075623828018,0.3482411535918346,0.584385774947556,0.5846151482457457,-0.3782839787395596,-0.0363884837167938,-0.0470111427186376,1.2024270216302562,-0.051125148458718,0.3989950544034304,1,2,1,False
XOM,0.3430040507428911,0.3033680301224086,0.9585202911100584,0.9776788694681132,-0.2050865283487905,-0.0300907047860005,-0.0400960964464471,0.6178668185193298,-0.0724624973119146,0.5734209619527642,1,2,1,False
XOP,0.3259963950863001,0.3910324681368,0.7891221409539907,0.7985288310704513,-0.3356192728347621,-0.0405353333737722,-0.0526047397020688,1.0032678009778897,-0.1485015323319654,0.4374399761020919,1,2,1,False
XRAY,-0.1291435606843535,0.313706952614229,-0.4423003466079114,-0.4246987170265161,-0.6118344907407408,-0.0313075912555574,-0.0451333867199846,0.8649803801176392,-0.1828411856549282,6.850969024871095,0,0,0,False
XRT,0.0443671619759635,0.3267333058673776,0.1425892127503727,0.1470417790366936,-0.4581413210445468,-0.0321674640440487,-0.0433537536702955,1.1801117866423905,0.1797439658313873,2.649448310005708,2,0,0,False
YUM,0.0732828007354737,0.1974739827349737,0.2032863181092407,0.198796134714938,-0.24204234480772,-0.0201388970142618,-0.0271461728234245,0.6723200737646728,-0.0161048338643176,1.5045368103381294,3,1,3,False
ZBH,-0.0647429191078207,0.2547020775599063,-0.331399768809222,-0.3401758196126607,-0.413343336988515,-0.0240238543027465,-0.03638829036784,0.8039685803829537,-0.1056141700604607,3.1638198748987576,0,3,2,False
ZBRA,-0.1031410179529113,0.3936963259016421,-0.2039656736129575,-0.1965400483460754,-0.6778293059962573,-0.0363018896803181,-0.0562835217470896,1.4903266640256927,-0.6223647175376611,6.810367133279296,2,0,0,False
ZION,0.0072911479553343,0.4752515997624322,0.1511747228606998,0.148335876263262,-0.7317992194859373,-0.0403506108483806,-0.0661781537765158,1.3717064862474246,-0.5047826058829337,10.367035361663312,2,0,0,False
ZTS,0.06498437259625,0.2620330198634191,0.1805337531065858,0.1783416738799144,-0.4691333036473303,-0.0271828868059225,-0.0373118817235271,0.951225909965703,-0.2438921160873827,3.628215480936777,3,1,3,False
